tenant,career_url,is_career_page,status,type,endpoint,confidence,error,pagination_param,page_size_param,default_page_size,method,job_count_estimate,sample_job_ids,note
abbvie.avature.net,https://abbvie.avature.net/talent,True,failed,,,,fetch_failed,,,,,,,
adprsg.avature.net,https://adprsg.avature.net/careers,True,failed,,,,fetch_failed,,,,,,,
abinbev.avature.net,https://abinbev.avature.net/eutalent,True,failed,,,,fetch_failed,,,,,,,
aecom.avature.net,https://aecom.avature.net/TalentNetwork,True,failed,,,,fetch_failed,,,,,,,
aecom.avature.net,https://aecom.avature.net/TalentCommunity,True,failed,,,,fetch_failed,,,,,,,
aig.avature.net,https://aig.avature.net/talentnetwork,True,failed,,,,fetch_failed,,,,,,,
aetna.avature.net,https://aetna.avature.net/Talent,True,failed,,,,fetch_failed,,,,,,,
amslbg.avature.net,https://amslbg.avature.net/careers,True,failed,,,,fetch_failed,,,,,,,
advocateaurorahealth.avature.net,https://advocateaurorahealth.avature.net/talent,True,failed,,,,http_404,,,,,,,
acn.avature.net,https://acn.avature.net/talentPortal,True,failed,,,,http_404,,,,,,,
ally.avature.net,https://ally.avature.net/talentcommunity,True,failed,,,,no_pattern_detected,,,,,,,
andersen.avature.net,https://andersen.avature.net/internalcareers,True,failed,,,,no_pattern_detected,,,,,,,
amsbae.avature.net,https://amsbae.avature.net/earlycareers,True,failed,,,,no_pattern_detected,,,,,,,
a2milkkf.avature.net,https://a2milkkf.avature.net/talentcommunity,True,failed,,,,no_pattern_detected,,,,,,,
aramco.avature.net,https://aramco.avature.net/talent,True,failed,,,,fetch_failed,,,,,,,
ally.avature.net,https://ally.avature.net/careers,True,success,search_jobs_html,https://ally.avature.net/careers/SearchJobs,medium,,jobOffset,jobRecords,50.0,form_detection,,,
amerilife.avature.net,https://amerilife.avature.net/careers,True,success,search_jobs_html,https://amerilife.avature.net/careers/SearchJobs,medium,,jobOffset,jobRecords,50.0,form_detection,,,
a2milkkf.avature.net,https://a2milkkf.avature.net/careers,True,success,search_jobs_html,https://a2milkkf.avature.net/careers/SearchJobs,medium,,jobOffset,jobRecords,50.0,form_detection,,,
apple.avature.net,https://apple.avature.net/talentMOzh,True,failed,,,,no_pattern_detected,,,,,,,
applecorp.avature.net,https://applecorp.avature.net/mesajobs,True,failed,,,,http_404,,,,,,,
ashleyfurniture.avature.net,https://ashleyfurniture.avature.net/careers,True,failed,,,,fetch_failed,,,,,,,
ashleyfurniture.avature.net,https://ashleyfurniture.avature.net/ashleyfurniturecareers,True,failed,,,,fetch_failed,,,,,,,
asiainspection.avature.net,https://asiainspection.avature.net/Careers,True,failed,,,,fetch_failed,,,,,,,
advocateaurorahealth.avature.net,https://advocateaurorahealth.avature.net/careers,True,success,search_jobs_html,https://clinicianjobs.advocatehealth.org/careers/SearchJobs,medium,,jobOffset,jobRecords,50.0,form_detection,,,
applecorp.avature.net,https://applecorp.avature.net/GeneralCareerEventTechnion23,True,failed,,,,no_pattern_detected,,,,,,,
amswh.avature.net,https://amswh.avature.net/careers,True,success,search_jobs_html,https://amswh.avature.net/careers/SearchJobs,medium,,jobOffset,jobRecords,50.0,form_detection,,,
arupwhg.avature.net,https://arupwhg.avature.net/talent,True,failed,,,,no_pattern_detected,,,,,,,
attglobal.avature.net,https://attglobal.avature.net/careers,True,failed,,,,fetch_failed,,,,,,,
astellas.avature.net,https://astellas.avature.net/careers,True,success,search_jobs_html,https://astellas.avature.net/en_GB/careers/SearchJobs,medium,,jobOffset,jobRecords,50.0,form_detection,,,
autotrader.avature.net,https://autotrader.avature.net/careers,True,failed,,,,fetch_failed,,,,,,,
astellasjapan.avature.net,https://astellasjapan.avature.net/careers,True,success,search_jobs_html,https://astellasjapan.avature.net/en_GB/careers/SearchJobs,medium,,jobOffset,jobRecords,50.0,form_detection,,,
arcbest.avature.net,https://arcbest.avature.net/careersmarketplace,True,partial,html_scrape,https://arcbest.avature.net/careersmarketplace,low,,,,,,6.0,"['27573', '27619', '27799', '27932', '27800']",Requires detail page crawling
arcbest.avature.net,https://arcbest.avature.net/abfjobs,True,failed,,,,no_pattern_detected,,,,,,,
astellas.avature.net,https://astellas.avature.net/talentcommunity,True,success,search_jobs_html,https://astellas.avature.net/careers/SearchJobs/,medium,,jobOffset,jobRecords,50.0,path_guessing,,,
astellasjapan.avature.net,https://astellasjapan.avature.net/talentcommunityjapannew,True,success,search_jobs_html,https://astellasjapan.avature.net/careers/SearchJobs/,medium,,jobOffset,jobRecords,50.0,path_guessing,,,
arcbest.avature.net,https://arcbest.avature.net/arcbjobs,True,failed,,,,no_pattern_detected,,,,,,,
baxter.avature.net,https://baxter.avature.net/careers,True,failed,,,,fetch_failed,,,,,,,
baloise.avature.net,https://baloise.avature.net/chjobswitch,True,failed,,,,http_404,,,,,,,
arcbest.avature.net,https://arcbest.avature.net/arcbtechjobs,True,failed,,,,no_pattern_detected,,,,,,,
ashfieldhealthcare.avature.net,https://ashfieldhealthcare.avature.net/careers,True,success,search_jobs_html,https://engagecareers.inizioengage.com/en_GB/careers/SearchJobs,medium,,jobOffset,jobRecords,50.0,form_detection,,,
barclays.avature.net,https://barclays.avature.net/barclaystalentpool,True,failed,,,,http_404,,,,,,,
bes.avature.net,https://bes.avature.net/connectwitharecruiter,True,failed,,,,fetch_failed,,,,,,,
bhp.avature.net,https://bhp.avature.net/careersES,True,failed,,,,fetch_failed,,,,,,,
bhsf.avature.net,https://bhsf.avature.net/talentcommunity,True,failed,,,,fetch_failed,,,,,,,
bkd.avature.net,https://bkd.avature.net/campuscareers,True,failed,,,,fetch_failed,,,,,,,
bain.avature.net,https://bain.avature.net/recruits,True,failed,,,,no_pattern_detected,,,,,,,
belk.avature.net,https://belk.avature.net/careers,True,failed,,,,http_404,,,,,,,
auspost.avature.net,https://auspost.avature.net/careers,True,success,search_jobs_html,https://jobs.auspost.com.au/en_GB/careers/SearchJobs,medium,,jobOffset,jobRecords,50.0,form_detection,,,
bellflight.avature.net,https://bellflight.avature.net/talentcommunity,True,failed,,,,no_pattern_detected,,,,,,,
berenberg.avature.net,https://berenberg.avature.net/careers,True,success,search_jobs_html,https://berenberg.avature.net/en_GB/careers/SearchJobs,medium,,jobOffset,jobRecords,50.0,form_detection,,,
boeing.avature.net,https://boeing.avature.net/ustalentnetwork,True,failed,,,,http_404,,,,,,,
bloomberg.avature.net,https://bloomberg.avature.net/careers,True,success,search_jobs_html,https://bloomberg.avature.net/careers/SearchJobs,medium,,jobOffset,jobRecords,50.0,form_detection,,,
belk.avature.net,https://belk.avature.net/storecareers,True,failed,,,,no_pattern_detected,,,,,,,
bloomberg.avature.net,https://bloomberg.avature.net/internalcareers,True,failed,,,,no_pattern_detected,,,,,,,
boeing.avature.net,https://boeing.avature.net/globaltalentnetwork,True,failed,,,,no_pattern_detected,,,,,,,
bp.avature.net,https://bp.avature.net/earlycareerstalentcommunity,True,failed,,,,no_pattern_detected,,,,,,,
bp.avature.net,https://bp.avature.net/talentcommunity,True,failed,,,,no_pattern_detected,,,,,,,
bradyplus.avature.net,https://bradyplus.avature.net/careersmarketplace,True,success,search_jobs_html,https://bradyplus.avature.net/careersmarketplace/SearchJobs,medium,,jobOffset,jobRecords,50.0,form_detection,,,
bp.avature.net,https://bp.avature.net/talentcommunityx,True,failed,,,,http_404,,,,,,,
bmcrecruit.avature.net,https://bmcrecruit.avature.net/Careers,True,success,search_jobs_html,https://jobs.bmc.com/Careers/SearchJobs,medium,,jobOffset,jobRecords,50.0,form_detection,,,
baufest.avature.net,https://baufest.avature.net/jobs,True,partial,html_scrape,https://baufest.avature.net/jobs,low,,,,,,20.0,"['5758', '5776', '5769', '5778', '5775']",Requires detail page crawling
bbw.avature.net,https://bbw.avature.net/dcjobs,True,failed,,,,no_pattern_detected,,,,,,,
broadinstitute.avature.net,https://broadinstitute.avature.net/careers,True,success,search_jobs_html,https://broadinstitute.avature.net/en_US/careers/SearchJobs,medium,,jobOffset,jobRecords,50.0,form_detection,,,
bupaanz.avature.net,https://bupaanz.avature.net/careersnz,True,failed,,,,no_pattern_detected,,,,,,,
bupaanz.avature.net,https://bupaanz.avature.net/careersau,True,failed,,,,no_pattern_detected,,,,,,,
cbreglobal.avature.net,https://cbreglobal.avature.net/pjmcareers,True,failed,,,,no_pattern_detected,,,,,,,
bupaanz.avature.net,https://bupaanz.avature.net/talent,True,failed,,,,no_pattern_detected,,,,,,,
bravura.avature.net,https://bravura.avature.net/careers,True,success,search_jobs_html,https://bravura.avature.net/en_US/careers/SearchJobs,medium,,jobOffset,jobRecords,50.0,form_detection,,,
cbs.avature.net,https://cbs.avature.net/cbssncareers,True,failed,,,,fetch_failed,,,,,,,
cbs.avature.net,https://cbs.avature.net/cbsradiocareers,True,failed,,,,fetch_failed,,,,,,,
cbs.avature.net,https://cbs.avature.net/cbsinteractivecareers,True,failed,,,,fetch_failed,,,,,,,
cbs.avature.net,https://cbs.avature.net/cbstvscareers,True,failed,,,,fetch_failed,,,,,,,
cbs.avature.net,https://cbs.avature.net/cbsnewscareers,True,failed,,,,fetch_failed,,,,,,,
cbs.avature.net,https://cbs.avature.net/cbssscareers,True,failed,,,,fetch_failed,,,,,,,
cbs.avature.net,https://cbs.avature.net/cbstvncareers,True,failed,,,,fetch_failed,,,,,,,
cbs.avature.net,https://cbs.avature.net/cbslateshowcareers,True,failed,,,,fetch_failed,,,,,,,
cbs.avature.net,https://cbs.avature.net/cbstvdcareers,True,failed,,,,fetch_failed,,,,,,,
cbs.avature.net,https://cbs.avature.net/cbsshowtimecareers,True,failed,,,,fetch_failed,,,,,,,
cbs.avature.net,https://cbs.avature.net/cbscorpcareers,True,failed,,,,fetch_failed,,,,,,,
carlyle.avature.net,https://carlyle.avature.net/externalcareers,True,success,search_jobs_html,https://carlyle.avature.net/externalcareers/SearchJobs,medium,,jobOffset,jobRecords,50.0,form_detection,,,
cba.avature.net,https://cba.avature.net/campustalentcommunity,True,failed,,,,no_pattern_detected,,,,,,,
cba.avature.net,https://cba.avature.net/ourtalentcommunities,True,failed,,,,no_pattern_detected,,,,,,,
cgpower.avature.net,https://cgpower.avature.net/jobBoard,True,failed,,,,fetch_failed,,,,,,,
carlyle.avature.net,https://carlyle.avature.net/talentcommunity,True,failed,,,,no_pattern_detected,,,,,,,
cbreglobal.avature.net,https://cbreglobal.avature.net/CBREPHMSTCAREERS,True,failed,,,,no_pattern_detected,,,,,,,
cbreglobal.avature.net,https://cbreglobal.avature.net/salescareers,True,failed,,,,no_pattern_detected,,,,,,,
cbreglobal.avature.net,https://cbreglobal.avature.net/CBREWomenTalentCommunity,True,failed,,,,no_pattern_detected,,,,,,,
cdcn.avature.net,https://cdcn.avature.net/talentcommunity,True,failed,,,,no_pattern_detected,,,,,,,
cbreglobal.avature.net,https://cbreglobal.avature.net/careersathost,True,failed,,,,no_pattern_detected,,,,,,,
cbreglobal.avature.net,https://cbreglobal.avature.net/auscareers,True,failed,,,,http_404,,,,,,,
cdcn.avature.net,https://cdcn.avature.net/careers,True,success,search_jobs_html,https://cdcn.avature.net/careers/SearchJobs,medium,,jobOffset,jobRecords,50.0,form_detection,,,
citi.avature.net,https://citi.avature.net/careersFR,True,failed,,,,fetch_failed,,,,,,,
citi.avature.net,https://citi.avature.net/careers,True,failed,,,,fetch_failed,,,,,,,
citi.avature.net,https://citi.avature.net/careersES,True,failed,,,,fetch_failed,,,,,,,
cdcn.avature.net,https://cdcn.avature.net/Careers,True,success,search_jobs_html,https://cdcn.avature.net/careers/SearchJobs,medium,,jobOffset,jobRecords,50.0,form_detection,,,
colasrail.avature.net,https://colasrail.avature.net/Careers,True,failed,,,,fetch_failed,,,,,,,
cisco.avature.net,https://cisco.avature.net/emearcareerday,True,failed,,,,http_404,,,,,,,
cisco.avature.net,https://cisco.avature.net/internaljobs,True,failed,,,,no_pattern_detected,,,,,,,
ciscotrainingats.avature.net,https://ciscotrainingats.avature.net/jobs,True,success,search_jobs_html,https://ciscotrainingats.avature.net/jobs/SearchJobs,medium,,jobOffset,jobRecords,50.0,form_detection,,,
cisco2.avature.net,https://cisco2.avature.net/jobsfr,True,success,search_jobs_html,https://cisco2.avature.net/jobsfr/SearchJobs,medium,,jobOffset,jobRecords,50.0,form_detection,,,
cisco2.avature.net,https://cisco2.avature.net/jobs,True,success,search_jobs_html,https://cisco2.avature.net/jobs/SearchJobs,medium,,jobOffset,jobRecords,50.0,form_detection,,,
condenast.avature.net,https://condenast.avature.net/careers,True,failed,,,,fetch_failed,,,,,,,
conferencenva.avature.net,https://conferencenva.avature.net/jobs,True,failed,,,,fetch_failed,,,,,,,
conferencenva.avature.net,https://conferencenva.avature.net/careers,True,failed,,,,fetch_failed,,,,,,,
condenastuk.avature.net,https://condenastuk.avature.net/careers,True,failed,,,,fetch_failed,,,,,,,
ciscotrainingats.avature.net,https://ciscotrainingats.avature.net/jobsfr,True,success,search_jobs_html,https://ciscotrainingats.avature.net/jobsfr/SearchJobs,medium,,jobOffset,jobRecords,50.0,form_detection,,,
cox.avature.net,https://cox.avature.net/talent,True,failed,,,,fetch_failed,,,,,,,
colorado.avature.net,https://colorado.avature.net/internaljobs,True,failed,,,,no_pattern_detected,,,,,,,
ciusss.avature.net,https://ciusss.avature.net/careers,True,success,search_jobs_html,https://ciusss.avature.net/fr_CA/careers/SearchJobs,medium,,jobOffset,jobRecords,50.0,form_detection,,,
crowdstrike.avature.net,https://crowdstrike.avature.net/UniversityTalentCommunity,True,failed,,,,http_404,,,,,,,
countryfinancial.avature.net,https://countryfinancial.avature.net/careers,True,failed,,,,http_404,,,,,,,
crl.avature.net,https://crl.avature.net/CharlesRiverTalentCommunity,True,failed,,,,no_pattern_detected,,,,,,,
crowdstrike.avature.net,https://crowdstrike.avature.net/talentcommunity,True,failed,,,,http_404,,,,,,,
cisco.avature.net,https://cisco.avature.net/jobs,True,failed,,,,no_pattern_detected,,,,,,,
credicorpats.avature.net,https://credicorpats.avature.net/careersmarketplace,True,success,search_jobs_html,https://credicorpats.avature.net/careersmarketplace/SearchJobs,medium,,jobOffset,jobRecords,50.0,form_detection,,,
coloradodev.avature.net,https://coloradodev.avature.net/jobs,True,success,search_jobs_html,https://coloradodev.avature.net/jobs/SearchJobs,medium,,jobOffset,jobRecords,50.0,form_detection,,,
cisco.avature.net,https://cisco.avature.net/CiscoJapanCareer,True,failed,,,,no_pattern_detected,,,,,,,
crownkemble.avature.net,https://crownkemble.avature.net/jobs,True,success,search_jobs_html,https://crownkemble.avature.net/jobs/SearchJobs,medium,,jobOffset,jobRecords,50.0,form_detection,,,
dbgroup.avature.net,https://dbgroup.avature.net/cargopolskajob,True,failed,,,,no_pattern_detected,,,,,,,
dbgroup.avature.net,https://dbgroup.avature.net/jobpreviewInternalDE,True,failed,,,,no_pattern_detected,,,,,,,
dbgroup.avature.net,https://dbgroup.avature.net/ukrapply,True,failed,,,,http_404,,,,,,,
dell2.avature.net,https://dell2.avature.net/japancareers,True,failed,,,,no_pattern_detected,,,,,,,
deloittebe.avature.net,https://deloittebe.avature.net/JobInternshipFair2025,True,failed,,,,http_404,,,,,,,
deloittebe.avature.net,https://deloittebe.avature.net/Takeyourtechcareertothenextlevel,True,failed,,,,no_pattern_detected,,,,,,,
deloittebe.avature.net,https://deloittebe.avature.net/careers,True,success,search_jobs_html,https://deloittebe.avature.net/en_US/careers/SearchJobs,medium,,jobOffset,jobRecords,50.0,form_detection,,,
deloittebe.avature.net,https://deloittebe.avature.net/JobInternshipFair,True,failed,,,,no_pattern_detected,,,,,,,
deloittepng.avature.net,https://deloittepng.avature.net/careers,True,success,search_jobs_html,https://deloittepng.avature.net/careers/SearchJobs,medium,,jobOffset,jobRecords,50.0,form_detection,,,
deloittecm.avature.net,https://deloittecm.avature.net/careers,True,success,search_jobs_html,https://deloittecm.avature.net/en_US/careers/SearchJobs,medium,,jobOffset,jobRecords,50.0,form_detection,,,
colorado.avature.net,https://colorado.avature.net/jobs,True,success,search_jobs_html,https://jobs.colorado.edu/jobs/SearchJobs,medium,,jobOffset,jobRecords,50.0,form_detection,,,
deloitteus.avature.net,https://deloitteus.avature.net/DeloitteCareerOpportunities,True,failed,,,,http_404,,,,,,,
deloitteuk.avature.net,https://deloitteuk.avature.net/careernightstudents,True,failed,,,,http_404,,,,,,,
deloitteuk.avature.net,https://deloitteuk.avature.net/UKTalentCommunity,True,failed,,,,no_pattern_detected,,,,,,,
delta.avature.net,https://delta.avature.net/careers,True,failed,,,,http_202,,,,,,,
cyclecarriage.avature.net,https://cyclecarriage.avature.net/careers,True,success,search_jobs_html,https://cyclecarriage.avature.net/careers/SearchJobs,medium,,jobOffset,jobRecords,50.0,form_detection,,,
demojuannavarro.avature.net,https://demojuannavarro.avature.net/careersDE,True,failed,,,,fetch_failed,,,,,,,
delta.avature.net,https://delta.avature.net/talentcommunity,True,failed,,,,no_pattern_detected,,,,,,,
delta.avature.net,https://delta.avature.net/StudentsandEarlyCareers,True,failed,,,,no_pattern_detected,,,,,,,
deltaflightattendants.avature.net,https://deltaflightattendants.avature.net/apply,True,partial,html_scrape,https://deltaflightattendants.avature.net/apply,low,,,,,,2.0,"['15', '16']",Requires detail page crawling
deloitteus.avature.net,https://deloitteus.avature.net/careers,True,success,search_jobs_html,https://apply.deloitte.com/en_US/careers/SearchJobs?sort=relevancy,medium,,jobOffset,jobRecords,50.0,form_detection,,,
deloitteuk.avature.net,https://deloitteuk.avature.net/CHCareers,True,success,search_jobs_html,https://apply.deloitte.ch/CHCareers/SearchJobs,medium,,jobOffset,jobRecords,50.0,form_detection,,,
deshawresearch.avature.net,https://deshawresearch.avature.net/careers,True,failed,,,,no_pattern_detected,,,,,,,
disher.avature.net,https://disher.avature.net/careers,True,failed,,,,fetch_failed,,,,,,,
delta.avature.net,https://delta.avature.net/pilotcareers,True,partial,html_scrape,https://delta.avature.net/pilotcareers,low,,,,,,1.0,['28088'],Requires detail page crawling
demosergioaguado.avature.net,https://demosergioaguado.avature.net/careersmarketplace,True,success,search_jobs_html,https://demosergioaguado.avature.net/en_US/careersmarketplace/SearchJobs,medium,,jobOffset,jobRecords,50.0,form_detection,,,
dhlconsulting.avature.net,https://dhlconsulting.avature.net/DHLCTalentPool,True,failed,,,,http_404,,,,,,,
delta.avature.net,https://delta.avature.net/talentcommunities,True,partial,html_scrape,https://delta.avature.net/talentcommunities,low,,,,,,5.0,"['28030', '28033', '28031', '28034', '28032']",Requires detail page crawling
dhlconsulting.avature.net,https://dhlconsulting.avature.net/careers,True,success,search_jobs_html,https://dhlconsulting.avature.net/en_US/careers/SearchJobs,medium,,jobOffset,jobRecords,50.0,form_detection,,,
dhlconsulting.avature.net,https://dhlconsulting.avature.net/ExploreInternationalCareerProgram,True,failed,,,,http_404,,,,,,,
ebayclassifieds.avature.net,https://ebayclassifieds.avature.net/careers,True,failed,,,,fetch_failed,,,,,,,
emc.avature.net,https://emc.avature.net/careersisrael,True,failed,,,,fetch_failed,,,,,,,
emc.avature.net,https://emc.avature.net/emccareers,True,failed,,,,fetch_failed,,,,,,,
docsglobal.avature.net,https://docsglobal.avature.net/externalcareers,True,success,search_jobs_html,https://docsglobal.avature.net/externalcareers/SearchJobs,medium,,jobOffset,jobRecords,50.0,form_detection,,,
dfiretailgroup.avature.net,https://dfiretailgroup.avature.net/careers,True,success,search_jobs_html,https://dfiretailgroup.avature.net/en_US/careers/SearchJobs,medium,,jobOffset,jobRecords,50.0,form_detection,,,
entercom.avature.net,https://entercom.avature.net/careers,True,failed,,,,fetch_failed,,,,,,,
dpdhlgroup.avature.net,https://dpdhlgroup.avature.net/jobs,True,failed,,,,http_202,,,,,,,
dfiretailgroup.avature.net,https://dfiretailgroup.avature.net/careersikea,True,success,search_jobs_html,https://dfiretailgroup.avature.net/en_US/careersikea/SearchJobs,medium,,jobOffset,jobRecords,50.0,form_detection,,,
epicgames.avature.net,https://epicgames.avature.net/careers,True,failed,,,,fetch_failed,,,,,,,
epicor.avature.net,https://epicor.avature.net/talentcommunity,True,failed,,,,fetch_failed,,,,,,,
dtccpontoon.avature.net,https://dtccpontoon.avature.net/talent,True,failed,,,,no_pattern_detected,,,,,,,
dosist.avature.net,https://dosist.avature.net/careers,True,success,search_jobs_html,https://dosist.avature.net/careers/SearchJobs,medium,,jobOffset,jobRecords,50.0,form_detection,,,
dbgroup.avature.net,https://dbgroup.avature.net/jobsde,True,partial,html_scrape,https://dbgroup.avature.net/jobsde,low,,,,,,20.0,"['592751', '606414', '613917', '613740', '606285']",Requires detail page crawling
ericssonfsopontoon.avature.net,https://ericssonfsopontoon.avature.net/careers,True,failed,,,,fetch_failed,,,,,,,
executiverpo.avature.net,https://executiverpo.avature.net/career,True,failed,,,,fetch_failed,,,,,,,
epic.avature.net,https://epic.avature.net/talentCommunity,True,failed,,,,no_pattern_detected,,,,,,,
fcaargentina.avature.net,https://fcaargentina.avature.net/careers,True,failed,,,,fetch_failed,,,,,,,
fiverings.avature.net,https://fiverings.avature.net/careers,True,failed,,,,fetch_failed,,,,,,,
fleetfarm.avature.net,https://fleetfarm.avature.net/careers,True,failed,,,,fetch_failed,,,,,,,
epic.avature.net,https://epic.avature.net/Careers,True,success,search_jobs_html,https://epic.avature.net/Careers/SearchJobs,medium,,jobOffset,jobRecords,50.0,form_detection,,,
epic.avature.net,https://epic.avature.net/careers,True,success,search_jobs_html,https://epic.avature.net/Careers/SearchJobs,medium,,jobOffset,jobRecords,50.0,form_detection,,,
emiratesjobs.avature.net,https://emiratesjobs.avature.net/careersmarketplace,True,failed,,,,fetch_failed,,,,,,,
eyglobal.avature.net,https://eyglobal.avature.net/masteryourcareer,True,failed,,,,http_404,,,,,,,
fb.avature.net,https://fb.avature.net/FletcherBuildingTalentRegistration,True,failed,,,,no_pattern_detected,,,,,,,
fb.avature.net,https://fb.avature.net/FletcherBuildingTalentExperienceEOI,True,failed,,,,no_pattern_detected,,,,,,,
dttl.avature.net,https://dttl.avature.net/careers,True,failed,,,,no_pattern_detected,,,,,,,
fb.avature.net,https://fb.avature.net/FletcherBuildingTalentExperience,True,failed,,,,http_404,,,,,,,
fonterrakf.avature.net,https://fonterrakf.avature.net/talentcommunity,True,failed,,,,no_pattern_detected,,,,,,,
fmlogistic.avature.net,https://fmlogistic.avature.net/careers,True,success,search_jobs_html,https://fmlogistic.avature.net/en_US/careers/SearchJobs,medium,,jobOffset,jobRecords,50.0,form_detection,,,
fortress.avature.net,https://fortress.avature.net/careers,True,success,search_jobs_html,https://fortress.avature.net/careers/SearchJobs,medium,,jobOffset,jobRecords,50.0,form_detection,,,
fmlogistic.avature.net,https://fmlogistic.avature.net/jointalentcommunity,True,failed,,,,no_pattern_detected,,,,,,,
fonterrakf.avature.net,https://fonterrakf.avature.net/internalcareers,True,failed,,,,no_pattern_detected,,,,,,,
fonterrakf.avature.net,https://fonterrakf.avature.net/careersold,True,success,search_jobs_html,https://fonterrakf.avature.net/careersold/SearchJobs,medium,,jobOffset,jobRecords,50.0,form_detection,,,
forvis.avature.net,https://forvis.avature.net/campuscareers,True,success,search_jobs_html,https://forvis.avature.net/campuscareers/SearchJobs,medium,,jobOffset,jobRecords,50.0,form_detection,,,
forvis.avature.net,https://forvis.avature.net/talent,True,failed,,,,no_pattern_detected,,,,,,,
fpmgs.avature.net,https://fpmgs.avature.net/mitelcareers,True,failed,,,,http_404,,,,,,,
fpmgs.avature.net,https://fpmgs.avature.net/nextechcareers,True,failed,,,,http_404,,,,,,,
forvis.avature.net,https://forvis.avature.net/experiencedcareers,True,success,search_jobs_html,https://forvis.avature.net/experiencedcareers/SearchJobs,medium,,jobOffset,jobRecords,50.0,form_detection,,,
frequentis.avature.net,https://frequentis.avature.net/TalenteNetzwerkFDE,True,failed,,,,no_pattern_detected,,,,,,,
generacta.avature.net,https://generacta.avature.net/talentcommunity,True,failed,,,,http_404,,,,,,,
fortress.avature.net,https://fortress.avature.net/ExternalCareers,True,success,search_jobs_html,https://careers.fortress.com/ExternalCareers/SearchJobs,medium,,jobOffset,jobRecords,50.0,form_detection,,,
gilead.avature.net,https://gilead.avature.net/careers,True,failed,,,,fetch_failed,,,,,,,
gmibm.avature.net,https://gmibm.avature.net/careers,True,failed,,,,fetch_failed,,,,,,,
goldbelt.avature.net,https://goldbelt.avature.net/careers,True,failed,,,,fetch_failed,,,,,,,
generacta.avature.net,https://generacta.avature.net/careers,True,failed,,,,http_404,,,,,,,
generalatomics.avature.net,https://generalatomics.avature.net/TalentCommunity,True,failed,,,,no_pattern_detected,,,,,,,
fonterrakf.avature.net,https://fonterrakf.avature.net/careers,True,success,search_jobs_html,https://careers.fonterra.com/careers/SearchJobs,medium,,jobOffset,jobRecords,50.0,form_detection,,,
genpact.avature.net,https://genpact.avature.net/talentlandMexico25,True,failed,,,,no_pattern_detected,,,,,,,
gpshospitality.avature.net,https://gpshospitality.avature.net/2022JobFairPR,True,failed,,,,http_404,,,,,,,
gpshospitality.avature.net,https://gpshospitality.avature.net/2020JobFairPR,True,failed,,,,http_404,,,,,,,
gsk.avature.net,https://gsk.avature.net/keytalent,True,failed,,,,fetch_failed,,,,,,,
govca.avature.net,https://govca.avature.net/GOVCACareers,True,failed,,,,no_pattern_detected,,,,,,,
genpact.avature.net,https://genpact.avature.net/TalentCommunity,True,failed,,,,no_pattern_detected,,,,,,,
gpshospitality.avature.net,https://gpshospitality.avature.net/2021JobFairPR,True,failed,,,,http_404,,,,,,,
hayscolt.avature.net,https://hayscolt.avature.net/careers,True,failed,,,,fetch_failed,,,,,,,
genpact.avature.net,https://genpact.avature.net/AnalyticsTalent,True,failed,,,,no_pattern_detected,,,,,,,
heinekenusamgs.avature.net,https://heinekenusamgs.avature.net/careers,True,failed,,,,fetch_failed,,,,,,,
heinekenspmgs.avature.net,https://heinekenspmgs.avature.net/careers,True,failed,,,,fetch_failed,,,,,,,
ea.avature.net,https://ea.avature.net/careers,True,success,search_jobs_html,https://ea.avature.net/careers/SearchJobs/,medium,,jobOffset,jobRecords,50.0,path_guessing,,,
gpshospitality.avature.net,https://gpshospitality.avature.net/careers,True,success,search_jobs_html,https://gpshospitality.avature.net/careers/SearchJobs,medium,,jobOffset,jobRecords,50.0,form_detection,,,
gpshospitality.avature.net,https://gpshospitality.avature.net/2022JobFairLinkedIn,True,failed,,,,http_404,,,,,,,
gpshospitality.avature.net,https://gpshospitality.avature.net/talentCommunity,True,failed,,,,no_pattern_detected,,,,,,,
honorhealth.avature.net,https://honorhealth.avature.net/StudentTalentCommunity,True,failed,,,,http_404,,,,,,,
frequentis.avature.net,https://frequentis.avature.net/careers,True,success,search_jobs_html,https://jobs.frequentis.com/careers/SearchJobs,medium,,jobOffset,jobRecords,50.0,form_detection,,,
honorhealth.avature.net,https://honorhealth.avature.net/talentcommunity,True,failed,,,,http_404,,,,,,,
honorhealth.avature.net,https://honorhealth.avature.net/honorhealthcareer,True,failed,,,,http_404,,,,,,,
hubinternational.avature.net,https://hubinternational.avature.net/careers,True,failed,,,,fetch_failed,,,,,,,
honorhealth.avature.net,https://honorhealth.avature.net/HonorHealthCareer,True,failed,,,,http_404,,,,,,,
hrblock.avature.net,https://hrblock.avature.net/talentcommunity,True,failed,,,,fetch_failed,,,,,,,
honorhealth.avature.net,https://honorhealth.avature.net/MedGroupSupportCareers,True,failed,,,,http_404,,,,,,,
huron.avature.net,https://huron.avature.net/innosightcareers,True,failed,,,,fetch_failed,,,,,,,
huron.avature.net,https://huron.avature.net/talentcommunity,True,failed,,,,fetch_failed,,,,,,,
huron.avature.net,https://huron.avature.net/careers,True,failed,,,,fetch_failed,,,,,,,
icon.avature.net,https://icon.avature.net/TalentCommunityPM,True,failed,,,,fetch_failed,,,,,,,
henkel.avature.net,https://henkel.avature.net/DigitalTalentProgram,True,failed,,,,no_pattern_detected,,,,,,,
honorhealth.avature.net,https://honorhealth.avature.net/Aug3HonorCareers,True,failed,,,,http_404,,,,,,,
healthfirst.avature.net,https://healthfirst.avature.net/careersmarketplace,True,failed,,,,no_pattern_detected,,,,,,,
hudsonrpo.avature.net,https://hudsonrpo.avature.net/DehonGroupCareers,True,failed,,,,no_pattern_detected,,,,,,,
ikea.avature.net,https://ikea.avature.net/AddToJobGroupFunctionIngka,True,failed,,,,no_pattern_detected,,,,,,,
ikea.avature.net,https://ikea.avature.net/easyapplyHR,True,failed,,,,no_pattern_detected,,,,,,,
harmanglobal.avature.net,https://harmanglobal.avature.net/careers,True,success,search_jobs_html,https://jobsearch.harman.com/en_US/careers/SearchJobs,medium,,jobOffset,jobRecords,50.0,form_detection,,,
ikea.avature.net,https://ikea.avature.net/JobRoom,True,success,search_jobs_html,https://ikea.avature.net/JobRoom/SearchJobs,medium,,jobOffset,jobRecords,50.0,form_detection,,,
ikea.avature.net,https://ikea.avature.net/InternalCareersUK,True,failed,,,,no_pattern_detected,,,,,,,
ikea.avature.net,https://ikea.avature.net/ExternalCareersNL,True,success,search_jobs_html,https://ikea.avature.net/nl_NL/External/SearchJobs,medium,,jobOffset,jobRecords,50.0,form_detection,,,
ikea.avature.net,https://ikea.avature.net/ExternalCareersUK,True,success,search_jobs_html,https://ikea.avature.net/en_GB/External/SearchJobs,medium,,jobOffset,jobRecords,50.0,form_detection,,,
ikea.avature.net,https://ikea.avature.net/InternalCareers,True,failed,,,,no_pattern_detected,,,,,,,
ikea.avature.net,https://ikea.avature.net/ExternalCareersFI,True,success,search_jobs_html,https://ikea.avature.net/fi_FI/External/SearchJobs,medium,,jobOffset,jobRecords,50.0,form_detection,,,
ikea.avature.net,https://ikea.avature.net/ExternalCareersUS,True,success,search_jobs_html,https://ikea.avature.net/en_US/External/SearchJobs,medium,,jobOffset,jobRecords,50.0,form_detection,,,
ikea.avature.net,https://ikea.avature.net/easyapplyRO,True,failed,,,,no_pattern_detected,,,,,,,
ikea.avature.net,https://ikea.avature.net/ExternalCareersSE,True,success,search_jobs_html,https://ikea.avature.net/sv_SE/External/SearchJobs,medium,,jobOffset,jobRecords,50.0,form_detection,,,
ikea.avature.net,https://ikea.avature.net/ExternalCareers,True,success,search_jobs_html,https://ikea.avature.net/en_BW/External/SearchJobs,medium,,jobOffset,jobRecords,50.0,form_detection,,,
ikea.avature.net,https://ikea.avature.net/ExternalCareersIN,True,success,search_jobs_html,https://ikea.avature.net/en_IN/External/SearchJobs,medium,,jobOffset,jobRecords,50.0,form_detection,,,
infor.avature.net,https://infor.avature.net/consultingservicesjobs,True,success,search_jobs_html,https://infor.avature.net/en_US/consultingservicesjobs/SearchJobs,medium,,jobOffset,jobRecords,50.0,form_detection,,,
infor.avature.net,https://infor.avature.net/TunisiaJobFair,True,failed,,,,http_404,,,,,,,
intel.avature.net,https://intel.avature.net/WroclawJobs,True,failed,,,,fetch_failed,,,,,,,
intel.avature.net,https://intel.avature.net/standardtalentcommunitypage,True,failed,,,,fetch_failed,,,,,,,
infor.avature.net,https://infor.avature.net/developmentjobs,True,success,search_jobs_html,https://infor.avature.net/en_US/developmentjobs/SearchJobs,medium,,jobOffset,jobRecords,50.0,form_detection,,,
innocent.avature.net,https://innocent.avature.net/externalcareers,True,success,search_jobs_html,https://innocent.avature.net/externalcareers/SearchJobs,medium,,jobOffset,jobRecords,50.0,form_detection,,,
ibmglobal.avature.net,https://ibmglobal.avature.net/careers,True,failed,,,,http_202,,,,,,,
harmanglobal.avature.net,https://harmanglobal.avature.net/talentcommunity,True,success,search_jobs_html,https://harmanglobal.avature.net/careers/SearchJobs/,medium,,jobOffset,jobRecords,50.0,path_guessing,,,
intuit.avature.net,https://intuit.avature.net/internalCareers,True,failed,,,,no_pattern_detected,,,,,,,
intuit.avature.net,https://intuit.avature.net/externalCareers,True,failed,,,,no_pattern_detected,,,,,,,
insperity.avature.net,https://insperity.avature.net/talentcommunity,True,failed,,,,no_pattern_detected,,,,,,,
iv.avature.net,https://iv.avature.net/careers,True,failed,,,,fetch_failed,,,,,,,
intercaretherapy.avature.net,https://intercaretherapy.avature.net/talentcommunitylandingpage,True,failed,,,,no_pattern_detected,,,,,,,
ino.avature.net,https://ino.avature.net/careers,True,failed,,,,no_pattern_detected,,,,,,,
infor.avature.net,https://infor.avature.net/careers,True,success,search_jobs_html,https://careers.infor.com/en_US/careers/SearchJobs,medium,,jobOffset,jobRecords,50.0,form_detection,,,
intercaretherapy.avature.net,https://intercaretherapy.avature.net/careers,True,success,search_jobs_html,https://intercaretherapy.avature.net/en_US/careers/SearchJobs,medium,,jobOffset,jobRecords,50.0,form_detection,,,
insperity.avature.net,https://insperity.avature.net/careers,True,success,search_jobs_html,https://insperity.avature.net/en_US/careers/SearchJobs,medium,,jobOffset,jobRecords,50.0,form_detection,,,
infor.avature.net,https://infor.avature.net/TalentCommunity,True,success,search_jobs_html,https://infor.avature.net/careers/SearchJobs/,medium,,jobOffset,jobRecords,50.0,path_guessing,,,
jacobs.avature.net,https://jacobs.avature.net/careersInt,True,failed,,,,http_404,,,,,,,
ipotentials.avature.net,https://ipotentials.avature.net/talentpoolD,True,failed,,,,http_404,,,,,,,
ipotentials.avature.net,https://ipotentials.avature.net/talentpoolE,True,failed,,,,http_404,,,,,,,
ipotentials.avature.net,https://ipotentials.avature.net/jobs,True,failed,,,,http_404,,,,,,,
jackhenry.avature.net,https://jackhenry.avature.net/talentNetwork,True,failed,,,,no_pattern_detected,,,,,,,
jawood.avature.net,https://jawood.avature.net/careerbuilder,True,failed,,,,no_pattern_detected,,,,,,,
jackhenry.avature.net,https://jackhenry.avature.net/careers,True,failed,,,,no_pattern_detected,,,,,,,
jawood.avature.net,https://jawood.avature.net/jobs,True,partial,html_scrape,https://jawood.avature.net/jobs,low,,,,,,1.0,['11460'],Requires detail page crawling
jardinematheson.avature.net,https://jardinematheson.avature.net/careers,True,success,search_jobs_html,https://jardinematheson.avature.net/careers/SearchJobs,medium,,jobOffset,jobRecords,50.0,form_detection,,,
jll.avature.net,https://jll.avature.net/SustainabilityTalentNetwork,True,failed,,,,http_404,,,,,,,
jll.avature.net,https://jll.avature.net/talentnetwork,True,failed,,,,http_404,,,,,,,
jll.avature.net,https://jll.avature.net/PMTalentNetwork,True,failed,,,,http_404,,,,,,,
jll.avature.net,https://jll.avature.net/ValuationAdvisoryTalentNetwork,True,failed,,,,http_404,,,,,,,
joinus.avature.net,https://joinus.avature.net/careerspaID,True,failed,,,,fetch_failed,,,,,,,
jsx.avature.net,https://jsx.avature.net/careers,True,failed,,,,fetch_failed,,,,,,,
jsx.avature.net,https://jsx.avature.net/talentcommunity,True,failed,,,,fetch_failed,,,,,,,
junioradventuresgroup.avature.net,https://junioradventuresgroup.avature.net/skidscareers,True,failed,,,,fetch_failed,,,,,,,
junioradventuresgroup.avature.net,https://junioradventuresgroup.avature.net/careers,True,failed,,,,fetch_failed,,,,,,,
jll.avature.net,https://jll.avature.net/brokeragetalentnetwork,True,failed,,,,http_404,,,,,,,
jll.avature.net,https://jll.avature.net/earlycareers,True,failed,,,,http_404,,,,,,,
jll.avature.net,https://jll.avature.net/CapitalMarketsTalentNetwork,True,failed,,,,http_404,,,,,,,
jlr.avature.net,https://jlr.avature.net/IrelandCareersExperienced,True,failed,,,,http_404,,,,,,,
justicejobs.avature.net,https://justicejobs.avature.net/internalcareers,True,success,search_jobs_html,https://justicejobs.avature.net/internalcareers/SearchJobs,medium,,jobOffset,jobRecords,50.0,form_detection,,,
jlr.avature.net,https://jlr.avature.net/IrelandCareers,True,failed,,,,no_pattern_detected,,,,,,,
jlr.avature.net,https://jlr.avature.net/hungarydirectapply,True,failed,,,,no_pattern_detected,,,,,,,
jlr.avature.net,https://jlr.avature.net/hungaryjobdescriptions,True,failed,,,,no_pattern_detected,,,,,,,
kellyatsfsp.avature.net,https://kellyatsfsp.avature.net/directapply,True,failed,,,,no_pattern_detected,,,,,,,
kellyatsfsp.avature.net,https://kellyatsfsp.avature.net/directApply,True,failed,,,,no_pattern_detected,,,,,,,
kantar.avature.net,https://kantar.avature.net/talentpool,True,failed,,,,no_pattern_detected,,,,,,,
kellyds.avature.net,https://kellyds.avature.net/iqviaApply,True,failed,,,,no_pattern_detected,,,,,,,
kellyds.avature.net,https://kellyds.avature.net/LeonardoApply,True,failed,,,,no_pattern_detected,,,,,,,
kellyds.avature.net,https://kellyds.avature.net/OpportunityApply,True,failed,,,,no_pattern_detected,,,,,,,
justicejobs.avature.net,https://justicejobs.avature.net/careers,True,success,search_jobs_html,https://jobs.justice.gov.uk/careers/SearchJobs,medium,,jobOffset,jobRecords,50.0,form_detection,,,
kellyds.avature.net,https://kellyds.avature.net/AstraZenecaApply,True,failed,,,,no_pattern_detected,,,,,,,
kellyds.avature.net,https://kellyds.avature.net/TokyoElectronQuickApply,True,failed,,,,no_pattern_detected,,,,,,,
kellyds.avature.net,https://kellyds.avature.net/TokyoElectronApply,True,failed,,,,no_pattern_detected,,,,,,,
kellybridge.avature.net,https://kellybridge.avature.net/careers,True,success,search_jobs_html,https://kellybridge.avature.net/careers/SearchJobs/,medium,,jobOffset,jobRecords,50.0,path_guessing,,,
kellyds.avature.net,https://kellyds.avature.net/LeonardoQuickApply,True,failed,,,,no_pattern_detected,,,,,,,
kellyds.avature.net,https://kellyds.avature.net/iqviaQuickApply,True,failed,,,,no_pattern_detected,,,,,,,
kellyds.avature.net,https://kellyds.avature.net/AstraZenecaQuickApply,True,failed,,,,no_pattern_detected,,,,,,,
kellyds.avature.net,https://kellyds.avature.net/azsQuickApply,True,failed,,,,no_pattern_detected,,,,,,,
kellyds.avature.net,https://kellyds.avature.net/azsApply,True,failed,,,,no_pattern_detected,,,,,,,
kohls.avature.net,https://kohls.avature.net/talentnetwork,True,failed,,,,fetch_failed,,,,,,,
kohls.avature.net,https://kohls.avature.net/earlytalent,True,failed,,,,fetch_failed,,,,,,,
kooziegroup.avature.net,https://kooziegroup.avature.net/careers,True,failed,,,,fetch_failed,,,,,,,
kornferryau.avature.net,https://kornferryau.avature.net/fonterrajobs,True,failed,,,,fetch_failed,,,,,,,
kellyds.avature.net,https://kellyds.avature.net/BasfApply,True,failed,,,,no_pattern_detected,,,,,,,
kellyds.avature.net,https://kellyds.avature.net/telcareers,True,failed,,,,no_pattern_detected,,,,,,,
kellyinternalta.avature.net,https://kellyinternalta.avature.net/careers,True,failed,,,,no_pattern_detected,,,,,,,
kpmgca.avature.net,https://kpmgca.avature.net/careers,True,failed,,,,fetch_failed,,,,,,,
kimberlyclark.avature.net,https://kimberlyclark.avature.net/talentcommunity,True,failed,,,,no_pattern_detected,,,,,,,
koch.avature.net,https://koch.avature.net/internalcareers,True,failed,,,,no_pattern_detected,,,,,,,
kpmgess.avature.net,https://kpmgess.avature.net/kpmgesscareers,True,failed,,,,fetch_failed,,,,,,,
kp.avature.net,https://kp.avature.net/TalentNetwork,True,failed,,,,no_pattern_detected,,,,,,,
kenexa.avature.net,https://kenexa.avature.net/kenexacareers,True,failed,,,,http_404,,,,,,,
kpmgng.avature.net,https://kpmgng.avature.net/careers,True,failed,,,,fetch_failed,,,,,,,
kraftheinz.avature.net,https://kraftheinz.avature.net/careers,True,failed,,,,fetch_failed,,,,,,,
kraftheinz.avature.net,https://kraftheinz.avature.net/talentcommunity,True,failed,,,,fetch_failed,,,,,,,
kpmgcampus.avature.net,https://kpmgcampus.avature.net/WIAKPMGcareersite,True,failed,,,,http_404,,,,,,,
kpmgcampus.avature.net,https://kpmgcampus.avature.net/talent,True,failed,,,,no_pattern_detected,,,,,,,
kpmgcampus.avature.net,https://kpmgcampus.avature.net/advisorytalentprogramapplication2025,True,failed,,,,no_pattern_detected,,,,,,,
kronos.avature.net,https://kronos.avature.net/careers,True,failed,,,,http_404,,,,,,,
levy.avature.net,https://levy.avature.net/careers,True,failed,,,,fetch_failed,,,,,,,
kpmgcampus.avature.net,https://kpmgcampus.avature.net/2023hsicareercollective,True,failed,,,,no_pattern_detected,,,,,,,
kpmgireland.avature.net,https://kpmgireland.avature.net/TalentCommunity2023,True,failed,,,,no_pattern_detected,,,,,,,
koch.avature.net,https://koch.avature.net/CollegeRecruiting,True,success,search_jobs_html,https://koch.avature.net/en_US/CollegeRecruiting/SearchJobs,medium,,jobOffset,jobRecords,50.0,form_detection,,,
kpmgireland.avature.net,https://kpmgireland.avature.net/careers,True,success,search_jobs_html,https://kpmgireland.avature.net/careers/SearchJobs,medium,,jobOffset,jobRecords,50.0,form_detection,,,
lighting.avature.net,https://lighting.avature.net/talent,True,failed,,,,fetch_failed,,,,,,,
laplanduk.avature.net,https://laplanduk.avature.net/careersmarketplace,True,success,search_jobs_html,https://laplanduk.avature.net/careersmarketplace/SearchJobs,medium,,jobOffset,jobRecords,50.0,form_detection,,,
libertymutual1.avature.net,https://libertymutual1.avature.net/talentcommunity,True,failed,,,,no_pattern_detected,,,,,,,
libertymutual1.avature.net,https://libertymutual1.avature.net/LSMCareers,True,success,search_jobs_html,https://libertymutual1.avature.net/LSMCareers/SearchJobs,medium,,jobOffset,jobRecords,50.0,form_detection,,,
lloyds.avature.net,https://lloyds.avature.net/emergingtalent,True,failed,,,,no_pattern_detected,,,,,,,
lawson.avature.net,https://lawson.avature.net/KentCareers,True,success,search_jobs_html,https://lawson.avature.net/en_US/KentCareers/SearchJobs,medium,,jobOffset,jobRecords,50.0,form_detection,,,
lloyds.avature.net,https://lloyds.avature.net/lloydstalentcommunity,True,failed,,,,no_pattern_detected,,,,,,,
lindner.avature.net,https://lindner.avature.net/careers,True,success,search_jobs_html,https://lindner.avature.net/de_DE/careers/SearchJobs,medium,,jobOffset,jobRecords,50.0,form_detection,,,
lindner.avature.net,https://lindner.avature.net/careersmeandall,True,success,search_jobs_html,https://lindner.avature.net/de_DE/careersmeandall/SearchJobs,medium,,jobOffset,jobRecords,50.0,form_detection,,,
loa.avature.net,https://loa.avature.net/lorealearlycareers,True,failed,,,,no_pattern_detected,,,,,,,
loa.avature.net,https://loa.avature.net/frritalentcommunity,True,failed,,,,no_pattern_detected,,,,,,,
lockheedmartin.avature.net,https://lockheedmartin.avature.net/aerotalent,True,failed,,,,no_pattern_detected,,,,,,,
lockheedmartin.avature.net,https://lockheedmartin.avature.net/aeronauticstalentmatch,True,failed,,,,no_pattern_detected,,,,,,,
lockheedmartin.avature.net,https://lockheedmartin.avature.net/talent,True,failed,,,,no_pattern_detected,,,,,,,
lockheedmartin.avature.net,https://lockheedmartin.avature.net/aeronauticstalentnetwork,True,failed,,,,no_pattern_detected,,,,,,,
laitram.avature.net,https://laitram.avature.net/internalcareers,True,failed,,,,no_pattern_detected,,,,,,,
lockheedmartin.avature.net,https://lockheedmartin.avature.net/lmhapply,True,failed,,,,no_pattern_detected,,,,,,,
manpowergroup.avature.net,https://manpowergroup.avature.net/welcomeuspostjobs,True,failed,,,,no_pattern_detected,,,,,,,
manpowergroupco.avature.net,https://manpowergroupco.avature.net/careers,True,success,search_jobs_html,https://manpowergroupco.avature.net/es_CO/careers/SearchJobs,medium,,jobOffset,jobRecords,50.0,form_detection,,,
manpowergroupco.avature.net,https://manpowergroupco.avature.net/careers2,True,success,search_jobs_html,https://manpowergroupco.avature.net/es_CO/careers2/SearchJobs,medium,,jobOffset,jobRecords,50.0,form_detection,,,
manpowergroup.avature.net,https://manpowergroup.avature.net/talentsolutionsrpo,True,success,search_jobs_html,https://manpowergroup.avature.net/talentsolutionsrpo/SearchJobs,medium,,jobOffset,jobRecords,50.0,form_detection,,,
loa.avature.net,https://loa.avature.net/careers,True,success,search_jobs_html,https://careers.loreal.com/en_US/jobs/SearchJobs,medium,,jobOffset,jobRecords,50.0,form_detection,,,
maximus.avature.net,https://maximus.avature.net/USTalentCommunity,True,failed,,,,no_pattern_detected,,,,,,,
maximus.avature.net,https://maximus.avature.net/usTalentCommunity,True,failed,,,,no_pattern_detected,,,,,,,
lol.avature.net,https://lol.avature.net/careers,True,success,search_jobs_html,https://lol.avature.net/careers/SearchJobs/,medium,,jobOffset,jobRecords,50.0,path_guessing,,,
lol.avature.net,https://lol.avature.net/Careers,True,success,search_jobs_html,https://lol.avature.net/careers/SearchJobs/,medium,,jobOffset,jobRecords,50.0,path_guessing,,,
mantech.avature.net,https://mantech.avature.net/talentcommunity,True,failed,,,,no_pattern_detected,,,,,,,
maximus.avature.net,https://maximus.avature.net/Internalcareers,True,failed,,,,no_pattern_detected,,,,,,,
maximus.avature.net,https://maximus.avature.net/internalcareers,True,failed,,,,no_pattern_detected,,,,,,,
maximus.avature.net,https://maximus.avature.net/careers,True,failed,,,,no_pattern_detected,,,,,,,
maximus.avature.net,https://maximus.avature.net/talentreferrals,True,failed,,,,no_pattern_detected,,,,,,,
maximus.avature.net,https://maximus.avature.net/GlobalTalentCommunity,True,failed,,,,no_pattern_detected,,,,,,,
mantech.avature.net,https://mantech.avature.net/careers,True,success,search_jobs_html,https://careers.mantech.com/en_US/careers/SearchJobs,medium,,jobOffset,jobRecords,50.0,form_detection,,,
mbsrecruiting.avature.net,https://mbsrecruiting.avature.net/ingredioncareers,True,failed,,,,http_404,,,,,,,
mckinsey.avature.net,https://mckinsey.avature.net/careers,True,failed,,,,no_pattern_detected,,,,,,,
mgl.avature.net,https://mgl.avature.net/recruitmentportal,True,failed,,,,no_pattern_detected,,,,,,,
mgl.avature.net,https://mgl.avature.net/earlycareersANZAsia,True,failed,,,,no_pattern_detected,,,,,,,
metrobank.avature.net,https://metrobank.avature.net/amazingcareers,True,success,search_jobs_html,https://metrobank.avature.net/amazingcareers/SearchJobs,medium,,jobOffset,jobRecords,50.0,form_detection,,,
mgl.avature.net,https://mgl.avature.net/earlycareersEMEAAMERS,True,failed,,,,no_pattern_detected,,,,,,,
mclaren.avature.net,https://mclaren.avature.net/careers,True,success,search_jobs_html,https://mclarencareers.mclaren.com/careers/SearchJobs,medium,,jobOffset,jobRecords,50.0,form_detection,,,
mmc.avature.net,https://mmc.avature.net/talentCommunity,True,failed,,,,fetch_failed,,,,,,,
mmc.avature.net,https://mmc.avature.net/TalentCommunity,True,failed,,,,fetch_failed,,,,,,,
mgl.avature.net,https://mgl.avature.net/internalcareers,True,failed,,,,no_pattern_detected,,,,,,,
mercadona.avature.net,https://mercadona.avature.net/Careers,True,success,search_jobs_html,https://mercadona.avature.net/careers/SearchJobs/,medium,,jobOffset,jobRecords,50.0,path_guessing,,,
mhcta.avature.net,https://mhcta.avature.net/careers,True,success,search_jobs_html,https://mhcta.avature.net/careers/SearchJobs,medium,,jobOffset,jobRecords,50.0,form_detection,,,
mondelez.avature.net,https://mondelez.avature.net/talentnetwork,True,failed,,,,fetch_failed,,,,,,,
mondelez.avature.net,https://mondelez.avature.net/careers,True,failed,,,,fetch_failed,,,,,,,
mondelez.avature.net,https://mondelez.avature.net/earlycareersnortherneurope,True,failed,,,,fetch_failed,,,,,,,
monster.avature.net,https://monster.avature.net/apply,True,failed,,,,fetch_failed,,,,,,,
moodys.avature.net,https://moodys.avature.net/talent,True,failed,,,,fetch_failed,,,,,,,
moodys.avature.net,https://moodys.avature.net/careerinsights,True,failed,,,,fetch_failed,,,,,,,
mercadona.avature.net,https://mercadona.avature.net/CAREERS,True,success,search_jobs_html,https://mercadona.avature.net/careers/SearchJobs/,medium,,jobOffset,jobRecords,50.0,path_guessing,,,
missionpethealth.avature.net,https://missionpethealth.avature.net/careersmarketplace,True,success,search_jobs_html,https://missionpethealth.avature.net/careersmarketplace/SearchJobs,medium,,jobOffset,jobRecords,50.0,form_detection,,,
nee.avature.net,https://nee.avature.net/talentcommunity,True,failed,,,,fetch_failed,,,,,,,
lululemoninc.avature.net,https://lululemoninc.avature.net/careers,True,partial,html_scrape,https://lululemoninc.avature.net/careers,low,,,,,,10.0,"['56931', '56163', '55672', '56933', '56901']",Requires detail page crawling
jardinematheson.avature.net,https://jardinematheson.avature.net/JardinesTalentCommunity,True,failed,,,,no_pattern_detected,,,,,,,
ngc.avature.net,https://ngc.avature.net/ngctalent,True,failed,,,,fetch_failed,,,,,,,
ngc.avature.net,https://ngc.avature.net/quickapply,True,failed,,,,fetch_failed,,,,,,,
nestleus.avature.net,https://nestleus.avature.net/militarytalentnetwork,True,failed,,,,no_pattern_detected,,,,,,,
nestleus.avature.net,https://nestleus.avature.net/nestleearlycareer,True,failed,,,,no_pattern_detected,,,,,,,
monadelphous.avature.net,https://monadelphous.avature.net/careersmelchor,True,success,search_jobs_html,https://monadelphous.avature.net/careersmelchor/SearchJobs,medium,,jobOffset,jobRecords,50.0,form_detection,,,
monadelphous.avature.net,https://monadelphous.avature.net/careersmondium,True,failed,,,,http_404,,,,,,,
novartis.avature.net,https://novartis.avature.net/jobs,True,failed,,,,fetch_failed,,,,,,,
nikeats.avature.net,https://nikeats.avature.net/careerES,True,failed,,,,http_404,,,,,,,
nikeats.avature.net,https://nikeats.avature.net/career,True,failed,,,,http_404,,,,,,,
nikeats.avature.net,https://nikeats.avature.net/careerPR,True,failed,,,,http_404,,,,,,,
nikeats.avature.net,https://nikeats.avature.net/careerJP,True,failed,,,,http_404,,,,,,,
nuvasive.avature.net,https://nuvasive.avature.net/TalentCommunities,True,failed,,,,fetch_failed,,,,,,,
nuvasive.avature.net,https://nuvasive.avature.net/careers,True,failed,,,,fetch_failed,,,,,,,
nikeats.avature.net,https://nikeats.avature.net/niketalentcommunity,True,failed,,,,no_pattern_detected,,,,,,,
novonordisk.avature.net,https://novonordisk.avature.net/Jobregistration,True,failed,,,,http_404,,,,,,,
novonordisk.avature.net,https://novonordisk.avature.net/DDITCareers,True,failed,,,,no_pattern_detected,,,,,,,
novartisglobal.avature.net,https://novartisglobal.avature.net/chearlycareertalentcommunity2025,True,failed,,,,http_404,,,,,,,
nuffield.avature.net,https://nuffield.avature.net/JoinOurTalentCommunity,True,failed,,,,no_pattern_detected,,,,,,,
nva.avature.net,https://nva.avature.net/NVACanadaTalentCommunity,True,failed,,,,no_pattern_detected,,,,,,,
nva.avature.net,https://nva.avature.net/talentcommunity,True,failed,,,,no_pattern_detected,,,,,,,
ohtm2.avature.net,https://ohtm2.avature.net/telefonicadigitaljobs,True,failed,,,,fetch_failed,,,,,,,
nva.avature.net,https://nva.avature.net/careers,True,failed,,,,no_pattern_detected,,,,,,,
nyulangone.avature.net,https://nyulangone.avature.net/internalcareerslongisland,True,failed,,,,no_pattern_detected,,,,,,,
monadelphous.avature.net,https://monadelphous.avature.net/careers,True,success,search_jobs_html,https://jobs.monadelphous.com.au/careers/SearchJobs,medium,,jobOffset,jobRecords,50.0,form_detection,,,
nyulangone.avature.net,https://nyulangone.avature.net/internalcareers,True,failed,,,,no_pattern_detected,,,,,,,
opentextats.avature.net,https://opentextats.avature.net/careers,True,failed,,,,fetch_failed,,,,,,,
operationreach.avature.net,https://operationreach.avature.net/jobs,True,failed,,,,fetch_failed,,,,,,,
ochsner.avature.net,https://ochsner.avature.net/talentcommunity,True,failed,,,,http_404,,,,,,,
oriontalent.avature.net,https://oriontalent.avature.net/careers,True,failed,,,,fetch_failed,,,,,,,
one800flowers.avature.net,https://one800flowers.avature.net/careersmarketplace,True,success,search_jobs_html,https://one800flowers.avature.net/careersmarketplace/SearchJobs,medium,,jobOffset,jobRecords,50.0,form_detection,,,
one800flowers.avature.net,https://one800flowers.avature.net/talentcommunity,True,failed,,,,no_pattern_detected,,,,,,,
mt.avature.net,https://mt.avature.net/careers,True,success,search_jobs_html,https://careers.mt.com/en_US/careers/SearchJobs,medium,,jobOffset,jobRecords,50.0,form_detection,,,
papertransport.avature.net,https://papertransport.avature.net/jobs,True,failed,,,,fetch_failed,,,,,,,
pepsico.avature.net,https://pepsico.avature.net/walkersjobs,True,failed,,,,fetch_failed,,,,,,,
onecall.avature.net,https://onecall.avature.net/careers,True,success,search_jobs_html,https://onecall.avature.net/careers/SearchJobs,medium,,jobOffset,jobRecords,50.0,form_detection,,,
optavise.avature.net,https://optavise.avature.net/optavisecareers,True,failed,,,,no_pattern_detected,,,,,,,
optavise.avature.net,https://optavise.avature.net/careersmarketplace,True,success,search_jobs_html,https://optavise.avature.net/careersmarketplace/SearchJobs,medium,,jobOffset,jobRecords,50.0,form_detection,,,
perftesttelusinternational.avature.net,https://perftesttelusinternational.avature.net/careers,True,failed,,,,fetch_failed,,,,,,,
perftesttelusinternational.avature.net,https://perftesttelusinternational.avature.net/careersvoxpro,True,failed,,,,fetch_failed,,,,,,,
otis.avature.net,https://otis.avature.net/youngtalent,True,failed,,,,http_404,,,,,,,
pierpoint.avature.net,https://pierpoint.avature.net/cruiseshipjobs,True,failed,,,,fetch_failed,,,,,,,
pepsicoglobalpontoon.avature.net,https://pepsicoglobalpontoon.avature.net/talentcommunityevents,True,failed,,,,no_pattern_detected,,,,,,,
otis.avature.net,https://otis.avature.net/standardtalentcommunitypage,True,failed,,,,no_pattern_detected,,,,,,,
nva.avature.net,https://nva.avature.net/jobs,True,success,search_jobs_html,https://nva.avature.net/jobs/SearchJobs,medium,,jobOffset,jobRecords,50.0,form_detection,,,
philips.avature.net,https://philips.avature.net/talent,True,failed,,,,http_404,,,,,,,
jrg.avature.net,https://jrg.avature.net/careers,True,success,search_jobs_html,https://jrg.avature.net/en_US/careers/SearchJobs,medium,,jobOffset,jobRecords,50.0,form_detection,,,
plantemoran.avature.net,https://plantemoran.avature.net/TalentNetwork,True,failed,,,,no_pattern_detected,,,,,,,
philips.avature.net,https://philips.avature.net/campuscareers,True,success,search_jobs_html,https://philips.avature.net/campuscareers/SearchJobs,medium,,jobOffset,jobRecords,50.0,form_detection,,,
platinion.avature.net,https://platinion.avature.net/FemaleTalentMentoringProgram2025,True,failed,,,,http_404,,,,,,,
plantemoran.avature.net,https://plantemoran.avature.net/campuscareers,True,success,search_jobs_html,https://plantemoran.avature.net/campuscareers/SearchJobs,medium,,jobOffset,jobRecords,50.0,form_detection,,,
plantemoran.avature.net,https://plantemoran.avature.net/careers,True,success,search_jobs_html,https://plantemoran.avature.net/careers/SearchJobs,medium,,jobOffset,jobRecords,50.0,form_detection,,,
pepsicoglobalpontoon.avature.net,https://pepsicoglobalpontoon.avature.net/fritocareers,True,success,search_jobs_html,https://portal.fritolayemployment.com/fritocareers/SearchJobs,medium,,jobOffset,jobRecords,50.0,form_detection,,,
platinion.avature.net,https://platinion.avature.net/CareersPl,True,success,search_jobs_html,https://platinion.avature.net/CareersPL/SearchJobs,medium,,jobOffset,jobRecords,50.0,form_detection,,,
platinion.avature.net,https://platinion.avature.net/DigiTalentGothenburg,True,failed,,,,no_pattern_detected,,,,,,,
platinion.avature.net,https://platinion.avature.net/CareersPL,True,success,search_jobs_html,https://platinion.avature.net/CareersPL/SearchJobs,medium,,jobOffset,jobRecords,50.0,form_detection,,,
platinion.avature.net,https://platinion.avature.net/FemaleTalentMentoringProgram2026,True,failed,,,,no_pattern_detected,,,,,,,
pma.avature.net,https://pma.avature.net/careers,True,failed,,,,fetch_failed,,,,,,,
pmi.avature.net,https://pmi.avature.net/talentcommunity,True,failed,,,,fetch_failed,,,,,,,
pmi.avature.net,https://pmi.avature.net/ExternalCareers,True,failed,,,,fetch_failed,,,,,,,
platinion.avature.net,https://platinion.avature.net/CareersNordics,True,success,search_jobs_html,https://platinion.avature.net/CareersNordics/SearchJobs,medium,,jobOffset,jobRecords,50.0,form_detection,,,
platinion.avature.net,https://platinion.avature.net/careersPl,True,success,search_jobs_html,https://platinion.avature.net/CareersPL/SearchJobs,medium,,jobOffset,jobRecords,50.0,form_detection,,,
platinion.avature.net,https://platinion.avature.net/PrideTalentMentoringProgram2025,True,failed,,,,http_404,,,,,,,
platinion.avature.net,https://platinion.avature.net/digitalentnorway2024,True,failed,,,,http_404,,,,,,,
platinion.avature.net,https://platinion.avature.net/DigiTalentHelsinki,True,failed,,,,no_pattern_detected,,,,,,,
platinion.avature.net,https://platinion.avature.net/CareersDeEn,True,success,search_jobs_html,https://platinion.avature.net/CareersDeEn/SearchJobs,medium,,jobOffset,jobRecords,50.0,form_detection,,,
platinion.avature.net,https://platinion.avature.net/CareersDe,True,success,search_jobs_html,https://platinion.avature.net/CareersDe/SearchJobs,medium,,jobOffset,jobRecords,50.0,form_detection,,,
pontoonpartners.avature.net,https://pontoonpartners.avature.net/apply,True,failed,,,,http_404,,,,,,,
premisehealth2.avature.net,https://premisehealth2.avature.net/internalcareers,True,failed,,,,no_pattern_detected,,,,,,,
pontoonsolutions.avature.net,https://pontoonsolutions.avature.net/talentcommunity,True,failed,,,,no_pattern_detected,,,,,,,
pontoonsolutions.avature.net,https://pontoonsolutions.avature.net/careers,True,success,search_jobs_html,https://pontoonsolutions.avature.net/careers/SearchJobs,medium,,jobOffset,jobRecords,50.0,form_detection,,,
pontoonsolutions.avature.net,https://pontoonsolutions.avature.net/FBCareers,True,success,search_jobs_html,https://pontoonsolutions.avature.net/FBCareers/SearchJobs,medium,,jobOffset,jobRecords,50.0,form_detection,,,
premium.avature.net,https://premium.avature.net/talent,True,failed,,,,no_pattern_detected,,,,,,,
pomerleau.avature.net,https://pomerleau.avature.net/Jobs,True,success,search_jobs_html,https://jobs.pomerleau.ca/en_US/Jobs/SearchJobs,medium,,jobOffset,jobRecords,50.0,form_detection,,,
premium.avature.net,https://premium.avature.net/jobs,True,success,search_jobs_html,https://premium.avature.net/en_US/jobs/SearchJobsMaps,medium,,jobOffset,jobRecords,50.0,form_detection,,,
progressive.avature.net,https://progressive.avature.net/talentnetwork,True,failed,,,,no_pattern_detected,,,,,,,
providence.avature.net,https://providence.avature.net/providencetalentnetwork,True,failed,,,,no_pattern_detected,,,,,,,
premisehealth2.avature.net,https://premisehealth2.avature.net/externalcareers,True,failed,,,,no_pattern_detected,,,,,,,
providence.avature.net,https://providence.avature.net/SwedishTalentNetwork,True,failed,,,,no_pattern_detected,,,,,,,
primero.avature.net,https://primero.avature.net/careers,True,success,search_jobs_html,https://primero.avature.net/en_GB/careers/SearchJobs,medium,,jobOffset,jobRecords,50.0,form_detection,,,
raytheon.avature.net,https://raytheon.avature.net/RISTalentCommunity,True,failed,,,,fetch_failed,,,,,,,
raytheon.avature.net,https://raytheon.avature.net/RTXTalentCommunity,True,failed,,,,fetch_failed,,,,,,,
qakoch.avature.net,https://qakoch.avature.net/internalcareers,True,failed,,,,no_pattern_detected,,,,,,,
radpartners.avature.net,https://radpartners.avature.net/careers,True,success,search_jobs_html,https://radpartners.avature.net/careers/SearchJobs,medium,,jobOffset,jobRecords,50.0,form_detection,,,
rbcoats.avature.net,https://rbcoats.avature.net/careers,True,failed,,,,fetch_failed,,,,,,,
radpartners.avature.net,https://radpartners.avature.net/externalcareers,True,failed,,,,http_404,,,,,,,
rbwolseley.avature.net,https://rbwolseley.avature.net/careers,True,failed,,,,fetch_failed,,,,,,,
redhat.avature.net,https://redhat.avature.net/talentcommunity,True,failed,,,,fetch_failed,,,,,,,
ralphlauren.avature.net,https://ralphlauren.avature.net/InternalCareers,True,failed,,,,no_pattern_detected,,,,,,,
pepsicoglobalpontoon.avature.net,https://pepsicoglobalpontoon.avature.net/careers,True,success,search_jobs_html,https://pepsicoglobalpontoon.avature.net/careers/SearchJobs,medium,,jobOffset,jobRecords,50.0,form_detection,,,
radpartners.avature.net,https://radpartners.avature.net/careersmarketplace,True,success,search_jobs_html,https://radpartners.avature.net/careers/SearchJobs/,medium,,jobOffset,jobRecords,50.0,path_guessing,,,
qatennet.avature.net,https://qatennet.avature.net/careers,True,success,search_jobs_html,https://qatennet.avature.net/en_US/careers/SearchJobs,medium,,jobOffset,jobRecords,50.0,form_detection,,,
resourcebank.avature.net,https://resourcebank.avature.net/ATSEuromasterCareers,True,failed,,,,http_404,,,,,,,
recruiting360.avature.net,https://recruiting360.avature.net/careerinterestform,True,failed,,,,no_pattern_detected,,,,,,,
resourcebank.avature.net,https://resourcebank.avature.net/careersng,True,failed,,,,http_404,,,,,,,
resourcebank.avature.net,https://resourcebank.avature.net/daikincareers,True,success,search_jobs_html,https://resourcebank.avature.net/daikincareers/SearchJobs,medium,,jobOffset,jobRecords,50.0,form_detection,,,
rgpuat.avature.net,https://rgpuat.avature.net/InternalCareers,True,failed,,,,no_pattern_detected,,,,,,,
regis.avature.net,https://regis.avature.net/careers,True,success,search_jobs_html,https://regis.avature.net/en_US/careers/SearchJobs,medium,,jobOffset,jobRecords,50.0,form_detection,,,
resourcebank.avature.net,https://resourcebank.avature.net/careers,True,success,search_jobs_html,https://resourcebank.avature.net/careers/SearchJobs,medium,,jobOffset,jobRecords,50.0,form_detection,,,
robertwaltersoutsourcing.avature.net,https://robertwaltersoutsourcing.avature.net/applylive,True,failed,,,,no_pattern_detected,,,,,,,
rsa.avature.net,https://rsa.avature.net/rsajobs,True,failed,,,,fetch_failed,,,,,,,
rubix.avature.net,https://rubix.avature.net/careers,True,failed,,,,fetch_failed,,,,,,,
sabmiller.avature.net,https://sabmiller.avature.net/GlobalProcurementCareers,True,failed,,,,fetch_failed,,,,,,,
resourcebank.avature.net,https://resourcebank.avature.net/oldworlddutyfreejobs,True,success,search_jobs_html,https://resourcebank.avature.net/oldworlddutyfreejobs/SearchJobs,medium,,jobOffset,jobRecords,50.0,form_detection,,,
robertwaltersta.avature.net,https://robertwaltersta.avature.net/apply1,True,failed,,,,no_pattern_detected,,,,,,,
robertwaltersta.avature.net,https://robertwaltersta.avature.net/apply2,True,failed,,,,no_pattern_detected,,,,,,,
resourcebank.avature.net,https://resourcebank.avature.net/Middlebycareers,True,success,search_jobs_html,https://resourcebank.avature.net/Middlebycareers/SearchJobs,medium,,jobOffset,jobRecords,50.0,form_detection,,,
sandboxavanadestaging.avature.net,https://sandboxavanadestaging.avature.net/jobsnlnl,True,failed,,,,fetch_failed,,,,,,,
sandboxavanadestaging.avature.net,https://sandboxavanadestaging.avature.net/jobsenusurl,True,failed,,,,fetch_failed,,,,,,,
ross.avature.net,https://ross.avature.net/talentcommunity,True,failed,,,,no_pattern_detected,,,,,,,
rscomponents.avature.net,https://rscomponents.avature.net/talentcommunity,True,failed,,,,http_404,,,,,,,
resourcebank.avature.net,https://resourcebank.avature.net/worlddutyfreejobs,True,success,search_jobs_html,https://resourcebank.avature.net/careers/SearchJobs/,medium,,jobOffset,jobRecords,50.0,path_guessing,,,
sandbox2uskpmg.avature.net,https://sandbox2uskpmg.avature.net/apply,True,failed,,,,no_pattern_detected,,,,,,,
sandbox2uskpmg.avature.net,https://sandbox2uskpmg.avature.net/careers,True,failed,,,,no_pattern_detected,,,,,,,
sandbox2lenovo.avature.net,https://sandbox2lenovo.avature.net/careers,True,success,search_jobs_html,https://sandbox2lenovo.avature.net/en_US/careers/SearchJobs,medium,,jobOffset,jobRecords,50.0,form_detection,,,
sandboxcredicorpats.avature.net,https://sandboxcredicorpats.avature.net/careersmarketplace,True,success,search_jobs_html,https://sandboxcredicorpats.avature.net/es_ES/careersmarketplace/SearchJobs,medium,,jobOffset,jobRecords,50.0,form_detection,,,
sandboxdelta.avature.net,https://sandboxdelta.avature.net/careers,True,success,search_jobs_html,https://sandboxdelta.avature.net/en_US/careers/SearchJobs,medium,,jobOffset,jobRecords,50.0,form_detection,,,
sandboxdeloitteglobal.avature.net,https://sandboxdeloitteglobal.avature.net/careersME,True,success,search_jobs_html,https://sandboxdeloitteglobal.avature.net/careersME/SearchJobs,medium,,jobOffset,jobRecords,50.0,form_detection,,,
sandboxdelta2.avature.net,https://sandboxdelta2.avature.net/careers,True,success,search_jobs_html,https://sandboxdelta2.avature.net/en_US/careers/SearchJobs,medium,,jobOffset,jobRecords,50.0,form_detection,,,
sandboxdocsglobal.avature.net,https://sandboxdocsglobal.avature.net/externalcareers,True,success,search_jobs_html,https://sandboxdocsglobal.avature.net/externalcareers/SearchJobs,medium,,jobOffset,jobRecords,50.0,form_detection,,,
sandboxdth.avature.net,https://sandboxdth.avature.net/talentcommunity,True,failed,,,,no_pattern_detected,,,,,,,
sandboxally.avature.net,https://sandboxally.avature.net/careers,True,success,search_jobs_html,https://sandboxally.avature.net/careers/SearchJobs,medium,,jobOffset,jobRecords,50.0,form_detection,,,
sandboxdth.avature.net,https://sandboxdth.avature.net/careers,True,success,search_jobs_html,https://sandboxdth.avature.net/en_US/careers/SearchJobs,medium,,jobOffset,jobRecords,50.0,form_detection,,,
sandboxone800flowers.avature.net,https://sandboxone800flowers.avature.net/careersmarketplace,True,success,search_jobs_html,https://sandboxone800flowers.avature.net/careersmarketplace/SearchJobs,medium,,jobOffset,jobRecords,50.0,form_detection,,,
santanderams.avature.net,https://santanderams.avature.net/Talent,True,failed,,,,fetch_failed,,,,,,,
sandboxtql.avature.net,https://sandboxtql.avature.net/TQLexternalcareers,True,success,search_jobs_html,https://sandboxtql.avature.net/en_US/TQLexternalcareers/SearchJobs,medium,,jobOffset,jobRecords,50.0,form_detection,,,
sandboxdeloitteglobal.avature.net,https://sandboxdeloitteglobal.avature.net/OpenTalentNetwork,True,failed,,,,no_pattern_detected,,,,,,,
sandia.avature.net,https://sandia.avature.net/talentcommunity,True,failed,,,,no_pattern_detected,,,,,,,
sapient.avature.net,https://sapient.avature.net/careers,True,failed,,,,fetch_failed,,,,,,,
sandboxunifi.avature.net,https://sandboxunifi.avature.net/ermccareers,True,success,search_jobs_html,https://sandboxunifi.avature.net/ermccareers/SearchJobs,medium,,jobOffset,jobRecords,50.0,form_detection,,,
scb.avature.net,https://scb.avature.net/talentnetwork,True,failed,,,,fetch_failed,,,,,,,
sandboxunifi.avature.net,https://sandboxunifi.avature.net/careers,True,success,search_jobs_html,https://sandboxunifi.avature.net/careers/SearchJobs,medium,,jobOffset,jobRecords,50.0,form_detection,,,
sandboxenbw.avature.net,https://sandboxenbw.avature.net/careers,True,success,search_jobs_html,https://sandboxenbw.avature.net/en_US/careers/SearchJobs,medium,,jobOffset,jobRecords,50.0,form_detection,,,
sandboxmgl.avature.net,https://sandboxmgl.avature.net/careers,True,success,search_jobs_html,https://sandboxmgl.avature.net/en_US/careers/SearchJobs,medium,,jobOffset,jobRecords,50.0,form_detection,,,
sas.avature.net,https://sas.avature.net/SAStalentcommunity,True,failed,,,,no_pattern_detected,,,,,,,
sbd.avature.net,https://sbd.avature.net/standardtalentcommunitypage,True,failed,,,,no_pattern_detected,,,,,,,
santos.avature.net,https://santos.avature.net/internalCareer,True,failed,,,,no_pattern_detected,,,,,,,
shell.avature.net,https://shell.avature.net/talentcommunity,True,failed,,,,no_pattern_detected,,,,,,,
shell.avature.net,https://shell.avature.net/talentcommunityWDFreeze,True,failed,,,,http_404,,,,,,,
siegfried.avature.net,https://siegfried.avature.net/careers,True,failed,,,,http_404,,,,,,,
siegfried.avature.net,https://siegfried.avature.net/TalentCommunityChemicalTechnicians,True,failed,,,,no_pattern_detected,,,,,,,
siegfried.avature.net,https://siegfried.avature.net/TalentCommunityAnalyticalDevelopment,True,failed,,,,no_pattern_detected,,,,,,,
siegfried.avature.net,https://siegfried.avature.net/TalentCommunityLaboratoryTechnicians,True,failed,,,,no_pattern_detected,,,,,,,
siegfried.avature.net,https://siegfried.avature.net/TalentCommunityProcessDevelopment,True,failed,,,,no_pattern_detected,,,,,,,
skyhold.avature.net,https://skyhold.avature.net/ExternalCareers,True,failed,,,,fetch_failed,,,,,,,
siegfried.avature.net,https://siegfried.avature.net/TalentCommunityProductionChemists,True,failed,,,,no_pattern_detected,,,,,,,
siemensenergy.avature.net,"https://siemensenergy.avature.net/internalcareers,",True,failed,,,,http_404,,,,,,,
situsamc.avature.net,https://situsamc.avature.net/careers,True,failed,,,,http_404,,,,,,,
solvay.avature.net,https://solvay.avature.net/careers,True,failed,,,,fetch_failed,,,,,,,
skanska.avature.net,https://skanska.avature.net/careers,True,failed,,,,no_pattern_detected,,,,,,,
skanska.avature.net,https://skanska.avature.net/talentcommunity,True,failed,,,,no_pattern_detected,,,,,,,
sodexo.avature.net,https://sodexo.avature.net/TalentCommunity24,True,failed,,,,no_pattern_detected,,,,,,,
sodexo.avature.net,https://sodexo.avature.net/talentcommunity,True,failed,,,,no_pattern_detected,,,,,,,
siemensenergy.avature.net,https://siemensenergy.avature.net/internalcareers,True,failed,,,,no_pattern_detected,,,,,,,
sbxdeloitteme.avature.net,https://sbxdeloitteme.avature.net/OpenTalentNetwork,True,failed,,,,no_pattern_detected,,,,,,,
superiorpropane.avature.net,https://superiorpropane.avature.net/careers,True,failed,,,,fetch_failed,,,,,,,
specsavers.avature.net,https://specsavers.avature.net/clinicalquickapply,True,failed,,,,no_pattern_detected,,,,,,,
stagingunifi.avature.net,https://stagingunifi.avature.net/careers,True,success,search_jobs_html,https://stagingunifi.avature.net/careers/SearchJobs,medium,,jobOffset,jobRecords,50.0,form_detection,,,
stagingxerox.avature.net,https://stagingxerox.avature.net/talentcommunity,True,failed,,,,no_pattern_detected,,,,,,,
stagingkoch.avature.net,https://stagingkoch.avature.net/internalcareers,True,failed,,,,no_pattern_detected,,,,,,,
stagingxerox.avature.net,https://stagingxerox.avature.net/careers,True,success,search_jobs_html,https://stagingxerox.avature.net/en_US/careers/SearchJobs,medium,,jobOffset,jobRecords,50.0,form_detection,,,
steelcase.avature.net,https://steelcase.avature.net/talentcommunity,True,failed,,,,no_pattern_detected,,,,,,,
synopsys.avature.net,https://synopsys.avature.net/GlobalEarlyCareersSummerInternship,True,failed,,,,no_pattern_detected,,,,,,,
teachforall.avature.net,https://teachforall.avature.net/career,True,failed,,,,fetch_failed,,,,,,,
teconnectivity.avature.net,https://teconnectivity.avature.net/talentnetwork,True,failed,,,,fetch_failed,,,,,,,
tekexperts.avature.net,https://tekexperts.avature.net/careers,True,failed,,,,fetch_failed,,,,,,,
synopsys.avature.net,https://synopsys.avature.net/GlobalEarlyCareersIndustrialPlacements,True,failed,,,,no_pattern_detected,,,,,,,
takeda.avature.net,https://takeda.avature.net/TakedaTalentCommunity,True,failed,,,,no_pattern_detected,,,,,,,
talentrise.avature.net,https://talentrise.avature.net/careers,True,failed,,,,http_404,,,,,,,
talentrise.avature.net,https://talentrise.avature.net/Careers,True,failed,,,,http_404,,,,,,,
stagingkoch.avature.net,https://stagingkoch.avature.net/careers,True,success,search_jobs_html,https://stagingkoch.avature.net/en_US/careers/SearchJobs,medium,,jobOffset,jobRecords,50.0,form_detection,,,
tencent.avature.net,https://tencent.avature.net/career,True,failed,,,,fetch_failed,,,,,,,
telusinternational.avature.net,https://telusinternational.avature.net/careersvoxpro,True,failed,,,,http_404,,,,,,,
synopsys.avature.net,https://synopsys.avature.net/careers,True,success,search_jobs_html,https://synopsys.avature.net/careers/SearchJobs,medium,,jobOffset,jobRecords,50.0,form_detection,,,
tesla.avature.net,https://tesla.avature.net/Careers,True,failed,,,,fetch_failed,,,,,,,
thebodyshop.avature.net,https://thebodyshop.avature.net/TBScareersDK,True,failed,,,,fetch_failed,,,,,,,
thebodyshop.avature.net,https://thebodyshop.avature.net/TBScareersFR,True,failed,,,,fetch_failed,,,,,,,
thebodyshop.avature.net,https://thebodyshop.avature.net/TBScareersPT,True,failed,,,,fetch_failed,,,,,,,
thebodyshop.avature.net,https://thebodyshop.avature.net/TBScareersES,True,failed,,,,fetch_failed,,,,,,,
thebodyshop.avature.net,https://thebodyshop.avature.net/TBScareersDU,True,failed,,,,fetch_failed,,,,,,,
thebodyshop.avature.net,https://thebodyshop.avature.net/TBScareersSE,True,failed,,,,fetch_failed,,,,,,,
thebodyshop.avature.net,https://thebodyshop.avature.net/tbscareers,True,failed,,,,fetch_failed,,,,,,,
thebodyshop.avature.net,https://thebodyshop.avature.net/TBScareers,True,failed,,,,fetch_failed,,,,,,,
thebodyshop.avature.net,https://thebodyshop.avature.net/TBScareersCN,True,failed,,,,fetch_failed,,,,,,,
thebodyshop.avature.net,https://thebodyshop.avature.net/TBScareersDE,True,failed,,,,fetch_failed,,,,,,,
thoughtmachine.avature.net,https://thoughtmachine.avature.net/careers,True,failed,,,,fetch_failed,,,,,,,
telusinternational.avature.net,https://telusinternational.avature.net/joboards,True,failed,,,,no_pattern_detected,,,,,,,
tescobank.avature.net,https://tescobank.avature.net/searchapply,True,success,search_jobs_html,https://tescobank.avature.net/searchapply/SearchJobs,medium,,jobOffset,jobRecords,50.0,form_detection,,,
tescoinsuranceandmoneyservices.avature.net,https://tescoinsuranceandmoneyservices.avature.net/careers,True,success,search_jobs_html,https://tescoinsuranceandmoneyservices.avature.net/careers/SearchJobs,medium,,jobOffset,jobRecords,50.0,form_detection,,,
tescobank.avature.net,https://tescobank.avature.net/careers,True,success,search_jobs_html,https://tescobank.avature.net/careers/SearchJobs,medium,,jobOffset,jobRecords,50.0,form_detection,,,
tql.avature.net,https://tql.avature.net/internalcareers,True,failed,,,,no_pattern_detected,,,,,,,
telusinternational.avature.net,https://telusinternational.avature.net/careers,True,failed,,,,http_202,,,,,,,
tmf.avature.net,https://tmf.avature.net/TalentMarketplace,True,failed,,,,no_pattern_detected,,,,,,,
tmf.avature.net,https://tmf.avature.net/careersmarketplace,True,success,search_jobs_html,https://tmf.avature.net/careersmarketplace/SearchJobs,medium,,jobOffset,jobRecords,50.0,form_detection,,,
synopsys.avature.net,https://synopsys.avature.net/talentcommunity,True,success,search_jobs_html,https://synopsys.avature.net/careers/SearchJobs/,medium,,jobOffset,jobRecords,50.0,path_guessing,,,
trainingandersen.avature.net,https://trainingandersen.avature.net/careers,True,failed,,,,http_404,,,,,,,
transcom.avature.net,https://transcom.avature.net/TalentCommunity,True,failed,,,,no_pattern_detected,,,,,,,
tql.avature.net,https://tql.avature.net/TQLexternalcareers,True,success,search_jobs_html,https://careers.tql.com/en_US/TQLexternalcareers/SearchJobs,medium,,jobOffset,jobRecords,50.0,form_detection,,,
traderjoes.avature.net,https://traderjoes.avature.net/careers,True,success,search_jobs_html,https://traderjoes.avature.net/careers/SearchJobs/,medium,,jobOffset,jobRecords,50.0,path_guessing,,,
transunion.avature.net,https://transunion.avature.net/GetInTheKnowCareers,True,failed,,,,fetch_failed,,,,,,,
tql.avature.net,https://tql.avature.net/TQLtalent,True,failed,,,,no_pattern_detected,,,,,,,
transcom.avature.net,https://transcom.avature.net/talentcommunity,True,failed,,,,no_pattern_detected,,,,,,,
transcom.avature.net,https://transcom.avature.net/talent,True,failed,,,,no_pattern_detected,,,,,,,
mondelezru.avature.net,https://mondelezru.avature.net/careers,True,failed,,,,fetch_failed,,,,,,,
travisperkins.avature.net,https://travisperkins.avature.net/careers,True,failed,,,,no_pattern_detected,,,,,,,
trainingandersen.avature.net,https://trainingandersen.avature.net/talentcommunity,True,failed,,,,no_pattern_detected,,,,,,,
travisperkins.avature.net,https://travisperkins.avature.net/earlycareers,True,failed,,,,no_pattern_detected,,,,,,,
traininglbrands.avature.net,https://traininglbrands.avature.net/dcjobs,True,failed,,,,no_pattern_detected,,,,,,,
uclahealth.avature.net,https://uclahealth.avature.net/internalcareers,True,failed,,,,no_pattern_detected,,,,,,,
uclahealth.avature.net,https://uclahealth.avature.net/veterancareersoutreach,True,failed,,,,no_pattern_detected,,,,,,,
uatmgl.avature.net,https://uatmgl.avature.net/recruitmentnovember2024,True,failed,,,,http_404,,,,,,,
uatmonadelphous.avature.net,https://uatmonadelphous.avature.net/careers,True,success,search_jobs_html,https://uatmonadelphous.avature.net/careers/SearchJobs,medium,,jobOffset,jobRecords,50.0,form_detection,,,
uatmgl.avature.net,https://uatmgl.avature.net/recruitmentmarch2025,True,failed,,,,http_404,,,,,,,
uclahealth.avature.net,https://uclahealth.avature.net/talentcommunity,True,failed,,,,no_pattern_detected,,,,,,,
ultra.avature.net,https://ultra.avature.net/talentcommunity,True,failed,,,,fetch_failed,,,,,,,
uirevision.avature.net,https://uirevision.avature.net/talents,True,success,search_jobs_html,https://uirevision.avature.net/Careers/SearchJobs/,medium,,jobOffset,jobRecords,50.0,form_detection,,,
uirevision.avature.net,https://uirevision.avature.net/careers,True,success,search_jobs_html,https://uirevision.avature.net/careers/SearchJobs,medium,,jobOffset,jobRecords,50.0,form_detection,,,
uirevision.avature.net,https://uirevision.avature.net/careersES,True,success,search_jobs_html,https://uirevision.avature.net/careersES/SearchJobs,medium,,jobOffset,jobRecords,50.0,form_detection,,,
uirevision.avature.net,https://uirevision.avature.net/careersDE,True,success,search_jobs_html,https://uirevision.avature.net/careersDE/SearchJobs,medium,,jobOffset,jobRecords,50.0,form_detection,,,
uclahealth.avature.net,https://uclahealth.avature.net/careers,True,success,search_jobs_html,https://uclahealth.avature.net/careers/SearchJobs,medium,,jobOffset,jobRecords,50.0,form_detection,,,
unisuper.avature.net,https://unisuper.avature.net/Career,True,failed,,,,fetch_failed,,,,,,,
unifi.avature.net,https://unifi.avature.net/careers,True,success,search_jobs_html,https://unifi.avature.net/careers/SearchJobs,medium,,jobOffset,jobRecords,50.0,form_detection,,,
transcom.avature.net,https://transcom.avature.net/careers,True,success,search_jobs_html,https://apply.careers.transcom.com/en_US/careers/SearchJobs,medium,,jobOffset,jobRecords,50.0,form_detection,,,
universalcreative.avature.net,https://universalcreative.avature.net/talent,True,failed,,,,fetch_failed,,,,,,,
upmc.avature.net,https://upmc.avature.net/TDCcareers,True,failed,,,,fetch_failed,,,,,,,
uirevision.avature.net,https://uirevision.avature.net/careersPT,True,success,search_jobs_html,https://uirevision.avature.net/careersPT/SearchJobs,medium,,jobOffset,jobRecords,50.0,form_detection,,,
verisure.avature.net,https://verisure.avature.net/careers,True,failed,,,,fetch_failed,,,,,,,
vfc.avature.net,https://vfc.avature.net/tnfTalentCommunity,True,failed,,,,fetch_failed,,,,,,,
vfc.avature.net,https://vfc.avature.net/TimberlandTalentCommunity,True,failed,,,,fetch_failed,,,,,,,
vfc.avature.net,https://vfc.avature.net/VfTalentCommunity,True,failed,,,,fetch_failed,,,,,,,
vfc.avature.net,https://vfc.avature.net/VansTalentCommunity,True,failed,,,,fetch_failed,,,,,,,
vifor.avature.net,https://vifor.avature.net/externalcareersDE,True,failed,,,,fetch_failed,,,,,,,
vifor.avature.net,https://vifor.avature.net/externalcareers,True,failed,,,,fetch_failed,,,,,,,
vifor.avature.net,https://vifor.avature.net/talentcommunity,True,failed,,,,fetch_failed,,,,,,,
unifi.avature.net,https://unifi.avature.net/irecareersmarketplace,True,success,search_jobs_html,https://unifi.avature.net/irecareersmarketplace/SearchJobs,medium,,jobOffset,jobRecords,50.0,form_detection,,,
virginmedia.avature.net,https://virginmedia.avature.net/ExternalCareers,True,failed,,,,fetch_failed,,,,,,,
virtuosgames.avature.net,https://virtuosgames.avature.net/Careers,True,failed,,,,fetch_failed,,,,,,,
unifi.avature.net,https://unifi.avature.net/ukcareersmarketplace,True,success,search_jobs_html,https://unifi.avature.net/ukcareersmarketplace/SearchJobs,medium,,jobOffset,jobRecords,50.0,form_detection,,,
uskpmgats.avature.net,https://uskpmgats.avature.net/campusapply,True,failed,,,,no_pattern_detected,,,,,,,
vertexinc.avature.net,https://vertexinc.avature.net/careers,True,failed,,,,http_404,,,,,,,
voutique.avature.net,https://voutique.avature.net/Careers,True,failed,,,,fetch_failed,,,,,,,
uop.avature.net,https://uop.avature.net/talentcommunity,True,failed,,,,no_pattern_detected,,,,,,,
visa.avature.net,https://visa.avature.net/MilitaryVeteransProgramTalentCommunity,True,failed,,,,http_404,,,,,,,
vanoord.avature.net,https://vanoord.avature.net/careersmarketplace,True,success,search_jobs_html,https://vanoord.avature.net/en_US/careersmarketplace/SearchJobs,medium,,jobOffset,jobRecords,50.0,form_detection,,,
visa.avature.net,https://visa.avature.net/HBCUConnectTalentCommunity,True,failed,,,,no_pattern_detected,,,,,,,
visa.avature.net,https://visa.avature.net/MilitaryProgramTalentCommunity,True,failed,,,,no_pattern_detected,,,,,,,
uop.avature.net,https://uop.avature.net/careers,True,success,search_jobs_html,https://uop.avature.net/careers/SearchJobs,medium,,jobOffset,jobRecords,50.0,form_detection,,,
voutiquepmkt.avature.net,https://voutiquepmkt.avature.net/talent,True,failed,,,,fetch_failed,,,,,,,
voutiqueintegrations.avature.net,https://voutiqueintegrations.avature.net/talents,True,success,search_jobs_html,https://voutiqueintegrations.avature.net/Careers/SearchJobs/,medium,,jobOffset,jobRecords,50.0,form_detection,,,
twosigma.avature.net,https://twosigma.avature.net/careers,True,partial,html_scrape,https://twosigma.avature.net/careers,low,,,,,,4.0,"['13668', '13694', '13695', '13667']",Requires detail page crawling
voutiqueintegrations.avature.net,https://voutiqueintegrations.avature.net/careers,True,success,search_jobs_html,https://voutiqueintegrations.avature.net/careers/SearchJobs,medium,,jobOffset,jobRecords,50.0,form_detection,,,
voutiqueintegrations.avature.net,https://voutiqueintegrations.avature.net/careersDE,True,success,search_jobs_html,https://voutiqueintegrations.avature.net/careersDE/SearchJobs,medium,,jobOffset,jobRecords,50.0,form_detection,,,
voutiqueintegrations.avature.net,https://voutiqueintegrations.avature.net/storecareers,True,success,search_jobs_html,https://voutiqueintegrations.avature.net/storecareers/SearchJobs,medium,,jobOffset,jobRecords,50.0,form_detection,,,
voutiqueintegrations.avature.net,https://voutiqueintegrations.avature.net/careersES,True,success,search_jobs_html,https://voutiqueintegrations.avature.net/careersES/SearchJobs,medium,,jobOffset,jobRecords,50.0,form_detection,,,
voutiqueintegrations.avature.net,https://voutiqueintegrations.avature.net/careersPT,True,success,search_jobs_html,https://voutiqueintegrations.avature.net/careersPT/SearchJobs,medium,,jobOffset,jobRecords,50.0,form_detection,,,
whataburger.avature.net,https://whataburger.avature.net/Careers,True,failed,,,,fetch_failed,,,,,,,
walmart.avature.net,https://walmart.avature.net/talentCommunity,True,failed,,,,no_pattern_detected,,,,,,,
voutiquetraining.avature.net,https://voutiquetraining.avature.net/careers,True,success,search_jobs_html,https://voutiquetraining.avature.net/careers/SearchJobs,medium,,jobOffset,jobRecords,50.0,form_detection,,,
williamblair.avature.net,https://williamblair.avature.net/careers,True,failed,,,,fetch_failed,,,,,,,
willistowerswatson.avature.net,https://willistowerswatson.avature.net/WTWTalentNetwork,True,failed,,,,fetch_failed,,,,,,,
virginatlantic.avature.net,https://virginatlantic.avature.net/Careers,True,failed,,,,no_pattern_detected,,,,,,,
wayfair.avature.net,https://wayfair.avature.net/talentcommunity,True,failed,,,,no_pattern_detected,,,,,,,
wellsfargo.avature.net,https://wellsfargo.avature.net/careers,True,failed,,,,http_404,,,,,,,
wayfair.avature.net,https://wayfair.avature.net/careers,True,failed,,,,no_pattern_detected,,,,,,,
womble.avature.net,https://womble.avature.net/careers,True,failed,,,,fetch_failed,,,,,,,
wickes.avature.net,https://wickes.avature.net/careers,True,success,search_jobs_html,https://wickes.avature.net/careers/SearchJobs,medium,,jobOffset,jobRecords,50.0,form_detection,,,
wickes.avature.net,https://wickes.avature.net/werecruit,True,failed,,,,no_pattern_detected,,,,,,,
wilsonhcg.avature.net,https://wilsonhcg.avature.net/ctstalent,True,failed,,,,no_pattern_detected,,,,,,,
walmartsourcingeu.avature.net,https://walmartsourcingeu.avature.net/careers,True,success,search_jobs_html,https://walmartsourcingeu.avature.net/careers/SearchJobs,medium,,jobOffset,jobRecords,50.0,form_detection,,,
wilsonhcg.avature.net,https://wilsonhcg.avature.net/talent,True,failed,,,,http_404,,,,,,,
wilsonhcg.avature.net,https://wilsonhcg.avature.net/careers,True,failed,,,,http_404,,,,,,,
workmyway.avature.net,https://workmyway.avature.net/MercedesTalentPool,True,failed,,,,no_pattern_detected,,,,,,,
vs.avature.net,https://vs.avature.net/dcjobs,True,failed,,,,no_pattern_detected,,,,,,,
workmyway.avature.net,https://workmyway.avature.net/srgapply,True,failed,,,,no_pattern_detected,,,,,,,
wilsonhcg.avature.net,https://wilsonhcg.avature.net/ctscareers,True,success,search_jobs_html,https://wilsonhcg.avature.net/ctscareers/SearchJobs,medium,,jobOffset,jobRecords,50.0,form_detection,,,
pmiru.avature.net,https://pmiru.avature.net/ExternalCareers,True,failed,,,,fetch_failed,,,,,,,
workmyway.avature.net,https://workmyway.avature.net/2sfgapply,True,failed,,,,no_pattern_detected,,,,,,,
www.amswh.avature.net,https://www.amswh.avature.net/careers,True,failed,,,,fetch_failed,,,,,,,
workmyway.avature.net,https://workmyway.avature.net/MPUKTalentPooling,True,failed,,,,no_pattern_detected,,,,,,,
workmyway.avature.net,https://workmyway.avature.net/mpuktalentpooling,True,failed,,,,no_pattern_detected,,,,,,,
workmyway.avature.net,https://workmyway.avature.net/idverdeapply,True,failed,,,,no_pattern_detected,,,,,,,
workmyway.avature.net,https://workmyway.avature.net/GreenJobsApplication,True,failed,,,,http_404,,,,,,,
workmyway.avature.net,https://workmyway.avature.net/kickstartyourcareer,True,failed,,,,http_404,,,,,,,
www.avature.net,https://www.avature.net/5-tips-to-building-a-sustainable-seasonal-recruitment-strategy,True,failed,,,,no_pattern_detected,,,,,,,
workmyway.avature.net,https://workmyway.avature.net/CreateGreenJob,True,failed,,,,http_404,,,,,,,
www.avature.net,https://www.avature.net/best-in-class-talent-acquisition-platform,True,failed,,,,no_pattern_detected,,,,,,,
www.avature.net,https://www.avature.net/combatting-an-uncertain-future-with-a-total-talent-strategy,True,failed,,,,no_pattern_detected,,,,,,,
www.avature.net,https://www.avature.net/retail-recruiting-2018-mobile-social-automated,True,failed,,,,http_404,,,,,,,
www.avature.net,https://www.avature.net/campus-recruiting-1,True,failed,,,,no_pattern_detected,,,,,,,
www.avature.net,https://www.avature.net/nurture-your-talent-pool-by-segmenting-your-recruitment-process,True,failed,,,,no_pattern_detected,,,,,,,
www.avature.net,https://www.avature.net/retail-insight-learn-belk-macys-recruit-2,True,failed,,,,http_404,,,,,,,
www.avature.net,https://www.avature.net/campus-recruiting,True,failed,,,,no_pattern_detected,,,,,,,
www.avature.net,https://www.avature.net/early-careers-software,True,failed,,,,no_pattern_detected,,,,,,,
www.avature.net,https://www.avature.net/career-sites,True,failed,,,,no_pattern_detected,,,,,,,
www.avature.net,https://www.avature.net/campus-recruiting-novo-nordisk-learned-heard,True,failed,,,,no_pattern_detected,,,,,,,
www.avature.net,https://www.avature.net/impact-2017-retain-top-talent-employee-engagement,True,failed,,,,http_404,,,,,,,
www.avature.net,https://www.avature.net/recruiting-agency-management,True,failed,,,,no_pattern_detected,,,,,,,
www.avature.net,https://www.avature.net/recruiting-events-management,True,failed,,,,no_pattern_detected,,,,,,,
www.avature.net,https://www.avature.net/bringing-love-back-7-tips-improve-relationship-hiring-manager-recruiter,True,failed,,,,no_pattern_detected,,,,,,,
www.avature.net,https://www.avature.net/retail-recruiting-solution,True,failed,,,,no_pattern_detected,,,,,,,
www.avature.net,https://www.avature.net/high-volume-recruiting,True,failed,,,,no_pattern_detected,,,,,,,
www.avature.net,https://www.avature.net/hr-tech-world-amsterdam-engaging-stakeholders-mastering-talent-acquisition,True,failed,,,,http_404,,,,,,,
www.avature.net,https://www.avature.net/agile-hr-part-ii-a-recruiting-story,True,failed,,,,no_pattern_detected,,,,,,,
www.avature.net,https://www.avature.net/campus-recruiting-solution,True,failed,,,,no_pattern_detected,,,,,,,
www.avature.net,https://www.avature.net/recruiting-gig-economy-2,True,failed,,,,no_pattern_detected,,,,,,,
www.avature.net,https://www.avature.net/talentinnovation,True,failed,,,,no_pattern_detected,,,,,,,
www.avature.net,https://www.avature.net/develop-strong-case-referrals-turn-employees-recruiters,True,failed,,,,http_404,,,,,,,
www.avature.net,https://www.avature.net/4-steps-to-more-effective-hospitality-recruitment,True,failed,,,,no_pattern_detected,,,,,,,
www.avature.net,https://www.avature.net/talent-acquisition,True,failed,,,,no_pattern_detected,,,,,,,
www.avature.net,https://www.avature.net/recruiting-resources-hub,True,failed,,,,no_pattern_detected,,,,,,,
www.avature.net,https://www.avature.net/key-elements-successful-recruitment-marketing-strategy,True,failed,,,,no_pattern_detected,,,,,,,
www.avature.net,https://www.avature.net/avature-ai-recruiting-technology,True,failed,,,,http_404,,,,,,,
workmyway.avature.net,https://workmyway.avature.net/ManpowerGroupTalentSolutions,True,success,search_jobs_html,https://workmyway.avature.net/careers/SearchJobs/,medium,,jobOffset,jobRecords,50.0,path_guessing,,,
www.avature.net,https://www.avature.net/the-talent-transformation-podcast,True,failed,,,,no_pattern_detected,,,,,,,
www.avature.net,https://www.avature.net/talent-management-suite,True,failed,,,,no_pattern_detected,,,,,,,
yscouts.avature.net,https://yscouts.avature.net/talent,True,failed,,,,fetch_failed,,,,,,,
zelis.avature.net,https://zelis.avature.net/careers,True,failed,,,,fetch_failed,,,,,,,
www.avature.net,https://www.avature.net/email-marketing-matters-recruiters,True,failed,,,,no_pattern_detected,,,,,,,
www.avature.net,https://www.avature.net/retail-recruiting-12,True,failed,,,,fetch_failed,,,,,,,
www.avature.net,https://www.avature.net/6-reasons-to-invest-in-a-recruiting-suite-and-adopt-a-one-platform-approach-to-ta,True,failed,,,,http_404,,,,,,,
www.avature.net,https://www.avature.net/artificial-intelligence-in-recruitment-and-talent-management,True,failed,,,,no_pattern_detected,,,,,,,
xerox.avature.net,https://xerox.avature.net/talentcommunity,True,failed,,,,no_pattern_detected,,,,,,,
xerox.avature.net,https://xerox.avature.net/internalcareers,True,failed,,,,no_pattern_detected,,,,,,,
xerox.avature.net,https://xerox.avature.net/careers,True,success,search_jobs_html,https://xerox.avature.net/en_US/careers/SearchJobs,medium,,jobOffset,jobRecords,50.0,form_detection,,,
www.avature.net,https://www.avature.net/retail-recruiting,True,failed,,,,fetch_failed,,,,,,,
www.avature.net,https://www.avature.net/retail-recruiting-2,True,failed,,,,fetch_failed,,,,,,,
zungfu.avature.net,https://zungfu.avature.net/careers,True,success,search_jobs_html,https://zungfu.avature.net/en_US/careers/SearchJobs,medium,,jobOffset,jobRecords,50.0,form_detection,,,
